id,Timestamp,Country,Sentiment
1,2014-03-22 08:20:25,United States,0
2,2014-03-21 00:36:14,United States,2
3,2014-03-27 15:46:15,Russia,2
4,2014-03-17 20:59:34,Russia,2
5,2014-03-05 09:37:07,China,1
6,2014-03-09 14:44:01,Portugal,0
7,2014-02-27 03:10:26,Jordan,2
8,2014-03-18 21:10:08,Mexico,1
9,2014-03-05 02:18:00,Canada,0
10,2014-03-14 01:36:12,Argentina,2
11,2014-03-23 18:50:25,France,0
12,2014-02-28 10:57:55,Japan,1
13,2014-03-10 03:20:30,Poland,0
14,2014-03-10 20:40:14,Singapore,2
15,2014-03-29 11:51:26,Vietnam,2
16,2014-03-06 07:49:33,Ukraine,1
17,2014-02-27 21:47:32,Brazil,0
18,2014-03-19 18:44:48,Sweden,2
19,2014-02-28 05:45:26,Ireland,0
20,2014-03-04 21:09:33,Czech Republic,2
21,2014-03-22 00:29:42,United States,2
22,2014-03-13 04:42:34,United States,0
23,2014-03-26 05:46:46,Russia,0
24,2014-03-11 02:45:04,Russia,1
25,2014-03-02 05:27:36,China,1
26,2014-03-27 10:17:52,Portugal,0
27,2014-03-08 13:58:39,Jordan,1
28,2014-03-17 13:46:23,Mexico,0
29,2014-03-07 11:56:48,Canada,1
30,2014-03-03 22:48:54,Argentina,0
31,2014-03-06 18:16:52,France,2
32,2014-03-29 16:36:08,Japan,2
33,2014-03-27 08:26:41,Poland,0
34,2014-03-29 09:54:00,Singapore,2
35,2014-03-17 04:21:37,Vietnam,1
36,2014-02-26 11:12:18,Ukraine,1
37,2014-03-01 13:23:35,Brazil,1
38,2014-03-17 08:50:41,Sweden,0
39,2014-03-01 21:53:43,Ireland,1
40,2014-02-25 09:24:54,Czech Republic,2
41,2014-03-25 20:37:47,United States,2
42,2014-03-28 08:55:19,United States,2
43,2014-03-18 08:14:40,Russia,0
44,2014-03-07 08:50:14,Russia,0
45,2014-03-28 05:28:07,China,1
46,2014-02-24 23:37:04,Portugal,0
47,2014-03-09 13:00:11,Jordan,0
48,2014-03-04 08:49:36,Mexico,2
49,2014-03-06 13:27:46,Canada,0
50,2014-03-05 07:52:18,Argentina,1
51,2014-03-15 23:09:07,France,2
52,2014-03-25 23:01:12,Japan,1
53,2014-03-01 11:53:47,Poland,0
54,2014-03-22 12:03:10,Singapore,1
55,2014-03-21 18:41:36,Vietnam,1
56,2014-03-23 19:14:53,Ukraine,0
57,2014-03-16 19:41:03,Brazil,2
58,2014-03-10 07:37:46,Sweden,2
59,2014-03-23 23:18:00,Ireland,1
60,2014-03-06 09:04:56,Czech Republic,1
61,2014-03-24 13:10:40,United States,2
62,2014-03-13 00:27:47,United States,1
63,2014-03-20 00:05:32,Russia,0
64,2014-03-19 01:22:01,Russia,2
65,2014-02-28 21:56:37,China,0
66,2014-02-28 03:52:06,Portugal,2
67,2014-03-18 17:46:08,Jordan,0
68,2014-03-27 19:10:41,Mexico,0
69,2014-03-11 13:00:24,Canada,0
70,2014-03-12 07:06:47,Argentina,2
71,2014-03-18 23:28:44,France,2
72,2014-03-28 03:46:15,Japan,2
73,2014-03-13 17:15:31,Poland,0
74,2014-03-14 10:56:02,Singapore,2
75,2014-03-03 20:38:22,Vietnam,2
76,2014-03-17 10:18:54,Ukraine,0
77,2014-03-17 22:18:36,Brazil,0
78,2014-03-25 07:01:04,Sweden,0
79,2014-02-24 16:29:23,Ireland,1
80,2014-03-12 01:12:55,Czech Republic,1
81,2014-02-27 11:52:25,United States,1
82,2014-02-27 17:23:28,United States,2
83,2014-03-30 03:11:29,Russia,2
84,2014-03-10 14:04:58,Russia,1
85,2014-02-24 07:35:15,China,2
86,2014-03-07 00:38:31,Portugal,1
87,2014-02-28 09:30:03,Jordan,2
88,2014-03-06 14:54:07,Mexico,2
89,2014-03-16 22:40:42,Canada,2
90,2014-03-05 02:56:58,Argentina,0
91,2014-03-07 11:50:18,France,2
92,2014-03-17 19:50:46,Japan,0
93,2014-03-20 11:45:48,Poland,2
94,2014-03-03 23:50:40,Singapore,1
95,2014-03-01 02:51:35,Vietnam,0
96,2014-03-29 16:54:39,Ukraine,2
97,2014-02-28 12:28:06,Brazil,0
98,2014-03-22 09:24:27,Sweden,0
99,2014-03-08 08:29:03,Ireland,2
100,2014-03-21 19:58:47,Czech Republic,1
101,2014-03-02 03:52:47,United States,1
102,2014-03-13 23:04:09,United States,0
103,2014-03-28 00:26:43,Russia,0
104,2014-03-04 00:40:55,Russia,1
105,2014-02-25 17:26:40,China,2
106,2014-03-17 10:19:47,Portugal,2
107,2014-03-19 06:00:00,Jordan,0
108,2014-03-29 15:27:31,Mexico,0
109,2014-03-21 18:13:19,Canada,2
110,2014-03-15 01:48:10,Argentina,1
111,2014-03-16 03:49:24,France,1
112,2014-02-28 02:58:10,Japan,0
113,2014-03-08 04:59:05,Poland,1
114,2014-03-29 13:43:09,Singapore,2
115,2014-03-22 12:38:10,Vietnam,0
116,2014-02-27 06:04:44,Ukraine,2
117,2014-02-28 00:33:49,Brazil,0
118,2014-02-28 12:53:20,Sweden,2
119,2014-03-30 03:25:46,Ireland,1
120,2014-03-13 21:34:57,Czech Republic,1
121,2014-03-21 20:07:00,United States,2
122,2014-02-28 20:48:07,United States,0
123,2014-03-07 19:15:06,Russia,1
124,2014-03-18 05:12:26,Russia,2
125,2014-03-14 18:26:39,China,2
126,2014-03-13 10:58:39,Portugal,2
127,2014-03-02 22:10:36,Jordan,1
128,2014-03-02 19:52:50,Mexico,1
129,2014-03-26 13:26:01,Canada,0
130,2014-03-08 21:04:22,Argentina,2
131,2014-02-26 01:10:16,France,1
132,2014-03-19 13:31:39,Japan,0
133,2014-03-01 19:40:39,Poland,2
134,2014-03-06 16:08:25,Singapore,2
135,2014-03-25 20:15:45,Vietnam,1
136,2014-02-26 23:40:05,Ukraine,0
137,2014-03-11 02:00:47,Brazil,0
138,2014-03-05 17:04:31,Sweden,1
139,2014-03-02 19:39:48,Ireland,0
140,2014-03-12 01:03:33,Czech Republic,2
141,2014-03-27 21:19:21,United States,1
142,2014-03-01 17:46:00,United States,1
143,2014-03-08 10:31:12,Russia,1
144,2014-03-03 13:36:10,Russia,1
145,2014-02-25 10:48:29,China,0
146,2014-03-09 07:55:16,Portugal,2
147,2014-03-11 10:42:16,Jordan,1
148,2014-03-06 01:06:23,Mexico,2
149,2014-03-01 05:15:03,Canada,1
150,2014-03-22 21:40:56,Argentina,2
151,2014-03-28 12:24:21,France,1
152,2014-03-29 20:52:22,Japan,2
153,2014-03-27 09:55:17,Poland,0
154,2014-03-05 20:46:01,Singapore,0
155,2014-03-27 14:16:13,Vietnam,2
156,2014-03-22 17:36:33,Ukraine,2
157,2014-03-19 16:46:30,Brazil,0
158,2014-03-07 00:19:52,Sweden,0
159,2014-02-24 17:01:21,Ireland,2
160,2014-02-24 02:31:58,Czech Republic,2
161,2014-03-28 06:20:44,United States,0
162,2014-03-26 18:20:09,United States,0
163,2014-03-28 00:33:53,Russia,0
164,2014-03-25 21:59:02,Russia,0
165,2014-03-19 15:01:37,China,1
166,2014-03-10 08:10:51,Portugal,0
167,2014-02-26 19:55:36,Jordan,0
168,2014-02-28 08:58:37,Mexico,2
169,2014-03-07 06:09:25,Canada,0
170,2014-03-25 21:29:48,Argentina,1
171,2014-03-16 17:24:57,France,1
172,2014-03-13 09:06:20,Japan,2
173,2014-03-26 11:22:24,Poland,0
174,2014-02-28 07:08:04,Singapore,2
175,2014-03-04 06:11:34,Vietnam,2
176,2014-03-16 10:45:30,Ukraine,1
177,2014-02-24 07:17:49,Brazil,2
178,2014-03-09 20:43:06,Sweden,2
179,2014-03-28 22:42:00,Ireland,2
180,2014-02-28 18:09:08,Czech Republic,1
181,2014-03-01 08:06:15,United States,1
182,2014-03-16 23:32:35,United States,1
183,2014-03-04 07:42:24,Russia,1
184,2014-03-06 07:13:37,Russia,1
185,2014-03-29 15:48:31,China,0
186,2014-03-10 03:24:04,Portugal,0
187,2014-02-27 14:53:27,Jordan,1
188,2014-02-26 00:56:36,Mexico,0
189,2014-03-11 22:44:25,Canada,1
190,2014-03-16 14:25:37,Argentina,1
191,2014-03-09 23:54:22,France,2
192,2014-03-27 05:48:29,Japan,1
193,2014-03-05 15:22:01,Poland,2
194,2014-03-12 02:16:29,Singapore,1
195,2014-03-25 00:03:15,Vietnam,1
196,2014-03-11 04:09:51,Ukraine,2
197,2014-03-06 14:02:55,Brazil,0
198,2014-03-27 12:58:48,Sweden,1
199,2014-03-02 15:05:06,Ireland,1
200,2014-03-30 18:25:57,Czech Republic,0
201,2014-03-23 19:12:12,United States,2
202,2014-03-01 08:56:31,United States,2
203,2014-03-23 09:48:00,Russia,2
204,2014-03-11 22:05:01,Russia,0
205,2014-03-23 20:42:17,China,2
206,2014-03-01 16:49:18,Portugal,1
207,2014-03-09 15:14:24,Jordan,0
208,2014-03-27 00:44:22,Mexico,0
209,2014-03-01 21:31:11,Canada,1
210,2014-03-03 07:38:05,Argentina,1
211,2014-03-01 10:48:16,France,2
212,2014-03-07 20:35:30,Japan,2
213,2014-03-17 23:40:08,Poland,0
214,2014-03-24 16:10:46,Singapore,0
215,2014-03-18 22:55:45,Vietnam,0
216,2014-03-28 17:03:54,Ukraine,1
217,2014-03-23 21:07:11,Brazil,2
218,2014-03-25 13:30:45,Sweden,0
219,2014-03-30 15:36:50,Ireland,1
220,2014-03-29 11:28:49,Czech Republic,1
221,2014-03-02 11:38:38,United States,2
222,2014-03-02 09:47:17,United States,1
223,2014-03-01 04:16:21,Russia,2
224,2014-02-26 19:59:19,Russia,1
225,2014-03-11 10:22:45,China,2
226,2014-03-22 15:41:33,Portugal,1
227,2014-02-24 23:40:25,Jordan,2
228,2014-03-15 10:38:22,Mexico,0
229,2014-03-22 10:47:21,Canada,1
230,2014-03-13 23:23:02,Argentina,2
231,2014-03-12 05:16:23,France,2
232,2014-03-10 04:17:23,Japan,1
233,2014-02-28 01:12:49,Poland,2
234,2014-03-17 23:17:52,Singapore,2
235,2014-03-12 03:14:31,Vietnam,2
236,2014-03-05 06:13:16,Ukraine,1
237,2014-03-29 13:46:23,Brazil,0
238,2014-03-30 14:02:03,Sweden,2
239,2014-03-15 23:39:39,Ireland,0
240,2014-03-21 10:31:14,Czech Republic,1
241,2014-02-25 07:07:35,United States,1
242,2014-03-21 21:33:20,United States,2
243,2014-03-16 15:57:55,Russia,1
244,2014-03-24 02:28:15,Russia,2
245,2014-03-03 12:16:28,China,0
246,2014-03-02 11:20:25,Portugal,2
247,2014-03-14 00:44:44,Jordan,1
248,2014-03-26 05:31:03,Mexico,0
249,2014-03-01 17:41:21,Canada,2
250,2014-03-07 07:30:04,Argentina,2
251,2014-03-06 05:57:25,France,1
252,2014-03-29 20:34:25,Japan,2
253,2014-03-09 07:01:03,Poland,0
254,2014-02-26 23:05:10,Singapore,2
255,2014-02-26 09:42:40,Vietnam,0
256,2014-03-19 02:27:52,Ukraine,0
257,2014-02-24 12:24:42,Brazil,1
258,2014-03-16 11:50:47,Sweden,1
259,2014-03-15 00:02:07,Ireland,0
260,2014-03-02 03:57:13,Czech Republic,2
261,2014-03-22 01:38:49,United States,2
262,2014-02-24 16:13:26,United States,0
263,2014-03-08 09:32:01,Russia,0
264,2014-03-29 15:01:25,Russia,0
265,2014-03-29 07:59:58,China,1
266,2014-03-02 09:36:30,Portugal,2
267,2014-03-09 09:38:38,Jordan,2
268,2014-03-22 09:35:24,Mexico,0
269,2014-03-16 08:00:15,Canada,0
270,2014-03-28 05:14:14,Argentina,2
271,2014-03-01 16:19:41,France,0
272,2014-03-27 22:57:56,Japan,0
273,2014-03-28 19:08:22,Poland,1
274,2014-03-25 00:01:54,Singapore,1
275,2014-03-23 00:49:25,Vietnam,2
276,2014-03-23 01:31:01,Ukraine,2
277,2014-03-11 09:15:21,Brazil,0
278,2014-03-27 17:49:03,Sweden,1
279,2014-02-28 02:31:54,Ireland,1
280,2014-03-07 18:21:04,Czech Republic,1
281,2014-03-10 02:59:26,United States,0
282,2014-03-08 21:32:11,United States,0
283,2014-03-21 22:39:24,Russia,0
284,2014-03-23 12:51:15,Russia,2
285,2014-03-02 18:00:48,China,2
286,2014-03-27 01:18:47,Portugal,1
287,2014-03-11 07:46:27,Jordan,0
288,2014-03-10 08:32:54,Mexico,2
289,2014-03-10 14:45:50,Canada,1
290,2014-03-03 17:44:17,Argentina,2
291,2014-03-21 16:07:18,France,0
292,2014-03-28 12:45:29,Japan,2
293,2014-02-25 17:32:03,Poland,1
294,2014-03-15 20:45:04,Singapore,2
295,2014-03-26 00:49:53,Vietnam,1
296,2014-03-10 08:36:22,Ukraine,0
297,2014-03-16 22:52:12,Brazil,1
298,2014-03-19 21:35:43,Sweden,0
299,2014-03-07 06:48:37,Ireland,0
300,2014-03-16 19:07:15,Czech Republic,1
301,2014-02-27 16:42:33,United States,0
302,2014-03-12 14:50:46,United States,2
303,2014-02-25 22:03:39,Russia,0
304,2014-03-11 21:19:39,Russia,1
305,2014-03-15 19:37:16,China,2
306,2014-03-15 23:13:05,Portugal,1
307,2014-03-01 01:05:35,Jordan,0
308,2014-03-13 08:11:04,Mexico,0
309,2014-03-09 06:23:55,Canada,1
310,2014-03-04 05:27:19,Argentina,2
311,2014-02-25 14:58:24,France,1
312,2014-02-24 21:44:37,Japan,0
313,2014-03-16 21:26:22,Poland,2
314,2014-03-12 09:37:15,Singapore,1
315,2014-02-28 03:56:40,Vietnam,2
316,2014-03-01 09:05:16,Ukraine,2
317,2014-03-22 20:11:53,Brazil,2
318,2014-03-29 17:09:27,Sweden,0
319,2014-03-26 23:08:12,Ireland,2
320,2014-03-16 22:27:48,Czech Republic,1
321,2014-03-30 15:04:23,United States,1
322,2014-03-06 15:28:11,United States,1
323,2014-03-21 19:36:21,Russia,1
324,2014-03-22 23:13:16,Russia,1
325,2014-03-08 01:16:33,China,2
326,2014-03-06 22:02:57,Portugal,0
327,2014-03-13 20:47:21,Jordan,1
328,2014-03-22 13:19:17,Mexico,0
329,2014-03-04 07:23:16,Canada,0
330,2014-02-28 20:06:52,Argentina,2
331,2014-02-24 22:07:49,France,1
332,2014-03-30 17:49:33,Japan,1
333,2014-03-26 05:02:16,Poland,1
334,2014-03-08 04:34:13,Singapore,1
335,2014-03-12 00:42:02,Vietnam,0
336,2014-02-28 22:14:54,Ukraine,1
337,2014-02-25 22:43:38,Brazil,1
338,2014-03-30 10:39:44,Sweden,0
339,2014-03-28 11:54:56,Ireland,1
340,2014-03-02 22:49:14,Czech Republic,0
341,2014-03-03 11:04:06,United States,0
342,2014-03-21 14:10:06,United States,1
343,2014-03-15 22:34:11,Russia,2
344,2014-03-19 11:11:16,Russia,1
345,2014-03-20 06:43:37,China,0
346,2014-03-21 22:46:30,Portugal,0
347,2014-02-28 22:03:54,Jordan,0
348,2014-03-20 16:37:20,Mexico,2
349,2014-03-18 17:08:22,Canada,2
350,2014-03-29 15:45:06,Argentina,2
351,2014-03-01 17:09:55,France,1
352,2014-02-26 02:19:46,Japan,2
353,2014-03-19 11:35:27,Poland,1
354,2014-03-25 01:45:56,Singapore,1
355,2014-03-27 02:36:56,Vietnam,2
356,2014-03-27 14:28:24,Ukraine,2
357,2014-03-15 06:53:29,Brazil,2
358,2014-03-30 07:45:07,Sweden,0
359,2014-03-05 19:28:28,Ireland,1
360,2014-03-20 04:26:45,Czech Republic,0
361,2014-03-18 02:34:38,United States,1
362,2014-03-03 12:03:53,United States,0
363,2014-03-12 20:44:28,Russia,1
364,2014-03-07 09:11:23,Russia,1
365,2014-03-09 02:32:07,China,0
366,2014-03-05 09:25:07,Portugal,1
367,2014-03-26 14:04:59,Jordan,2
368,2014-03-13 01:36:01,Mexico,1
369,2014-03-27 08:23:21,Canada,2
370,2014-03-16 21:42:42,Argentina,2
371,2014-03-25 07:39:01,France,1
372,2014-02-26 10:14:53,Japan,0
373,2014-03-13 14:17:14,Poland,1
374,2014-03-10 15:49:22,Singapore,2
375,2014-03-12 06:02:16,Vietnam,0
376,2014-02-26 22:11:31,Ukraine,2
377,2014-03-24 00:17:31,Brazil,0
378,2014-03-02 21:06:14,Sweden,0
379,2014-03-01 04:49:36,Ireland,2
380,2014-03-06 03:19:19,Czech Republic,2
381,2014-03-12 09:12:17,United States,1
382,2014-03-23 12:12:21,United States,0
383,2014-03-19 04:52:16,Russia,2
384,2014-03-22 23:00:57,Russia,2
385,2014-03-08 06:08:12,China,0
386,2014-03-02 04:56:03,Portugal,0
387,2014-03-14 05:52:20,Jordan,2
388,2014-02-27 00:19:34,Mexico,1
389,2014-03-11 09:30:49,Canada,0
390,2014-02-27 18:03:51,Argentina,1
391,2014-03-14 23:39:59,France,0
392,2014-03-26 07:42:07,Japan,0
393,2014-02-25 00:55:15,Poland,1
394,2014-03-02 14:32:42,Singapore,2
395,2014-03-27 22:14:36,Vietnam,2
396,2014-03-28 18:17:57,Ukraine,1
397,2014-03-25 13:01:46,Brazil,1
398,2014-03-29 22:19:39,Sweden,0
399,2014-03-30 20:20:01,Ireland,2
400,2014-03-20 06:54:52,Czech Republic,0
401,2014-03-14 03:12:50,United States,0
402,2014-03-05 11:03:31,United States,0
403,2014-03-20 23:43:12,Russia,1
404,2014-03-15 19:47:33,Russia,2
405,2014-03-03 22:12:21,China,1
406,2014-03-10 14:46:45,Portugal,0
407,2014-03-21 01:26:46,Jordan,1
408,2014-03-09 23:33:02,Mexico,2
409,2014-03-08 10:07:19,Canada,0
410,2014-03-07 19:51:38,Argentina,1
411,2014-03-03 04:34:08,France,2
412,2014-03-01 19:00:10,Japan,0
413,2014-02-28 11:02:47,Poland,2
414,2014-02-28 03:59:25,Singapore,1
415,2014-03-10 05:00:19,Vietnam,1
416,2014-03-27 13:29:59,Ukraine,1
417,2014-03-24 06:01:22,Brazil,0
418,2014-03-12 00:52:03,Sweden,2
419,2014-03-19 01:10:28,Ireland,2
420,2014-03-29 09:08:34,Czech Republic,1
421,2014-03-21 18:04:18,United States,1
422,2014-03-06 03:24:48,United States,2
423,2014-02-28 17:00:20,Russia,1
424,2014-03-30 07:56:13,Russia,0
425,2014-03-16 09:23:46,China,2
426,2014-03-26 13:31:13,Portugal,2
427,2014-03-15 05:56:45,Jordan,1
428,2014-03-27 20:59:53,Mexico,0
429,2014-03-17 01:18:51,Canada,2
430,2014-03-06 14:01:36,Argentina,1
431,2014-03-25 00:42:55,France,2
432,2014-03-19 00:53:47,Japan,0
433,2014-03-25 20:47:30,Poland,0
434,2014-03-27 00:04:49,Singapore,1
435,2014-03-29 13:46:45,Vietnam,2
436,2014-03-18 21:43:01,Ukraine,2
437,2014-03-29 15:32:41,Brazil,1
438,2014-03-08 21:14:22,Sweden,2
439,2014-02-28 13:34:04,Ireland,1
440,2014-03-26 21:26:57,Czech Republic,0
441,2014-03-15 02:31:52,United States,1
442,2014-03-11 02:57:07,United States,0
443,2014-03-05 13:16:01,Russia,0
444,2014-03-29 01:07:05,Russia,0
445,2014-03-18 10:07:32,China,0
446,2014-03-29 01:37:06,Portugal,0
447,2014-03-05 04:34:41,Jordan,2
448,2014-03-25 01:36:25,Mexico,2
449,2014-03-02 16:59:19,Canada,0
450,2014-03-16 12:32:34,Argentina,1
451,2014-03-17 23:10:00,France,2
452,2014-03-01 20:59:24,Japan,2
453,2014-02-27 13:51:00,Poland,1
454,2014-02-26 07:32:47,Singapore,1
455,2014-02-25 17:57:20,Vietnam,1
456,2014-03-09 08:39:22,Ukraine,0
457,2014-03-04 05:43:13,Brazil,0
458,2014-03-20 12:54:41,Sweden,2
459,2014-02-24 18:14:08,Ireland,0
460,2014-03-19 09:22:49,Czech Republic,0
461,2014-03-12 22:43:35,United States,0
462,2014-03-04 12:28:12,United States,1
463,2014-03-26 18:39:12,Russia,1
464,2014-03-11 06:52:29,Russia,2
465,2014-03-10 04:59:13,China,1
466,2014-03-15 09:22:25,Portugal,2
467,2014-03-17 14:49:16,Jordan,2
468,2014-03-26 08:49:39,Mexico,2
469,2014-03-30 14:52:54,Canada,2
470,2014-03-10 12:07:59,Argentina,2
471,2014-03-07 07:05:49,France,2
472,2014-03-28 01:02:00,Japan,0
473,2014-03-23 14:25:18,Poland,1
474,2014-03-02 20:11:27,Singapore,2
475,2014-03-13 14:03:03,Vietnam,1
476,2014-02-25 09:16:28,Ukraine,1
477,2014-03-07 19:43:23,Brazil,2
478,2014-03-12 20:22:30,Sweden,0
479,2014-03-04 03:33:56,Ireland,0
480,2014-03-02 05:38:03,Czech Republic,2
481,2014-03-22 10:38:05,United States,2
482,2014-02-26 06:12:39,United States,1
483,2014-03-17 05:59:47,Russia,2
484,2014-03-15 14:50:02,Russia,0
485,2014-03-16 20:50:00,China,2
486,2014-03-20 05:02:50,Portugal,2
487,2014-03-20 12:22:46,Jordan,0
488,2014-03-05 13:30:55,Mexico,1
489,2014-02-27 16:11:36,Canada,1
490,2014-03-11 16:36:38,Argentina,1
491,2014-03-10 23:49:09,France,1
492,2014-03-15 10:45:07,Japan,1
493,2014-02-24 01:25:16,Poland,0
494,2014-03-05 01:36:46,Singapore,1
495,2014-03-08 08:54:22,Vietnam,2
496,2014-03-16 04:50:02,Ukraine,1
497,2014-02-28 03:58:38,Brazil,0
498,2014-03-21 19:14:14,Sweden,2
499,2014-03-24 19:51:05,Ireland,2
500,2014-03-06 01:36:51,Czech Republic,0
501,2014-02-26 05:49:12,United States,2
502,2014-03-29 11:32:15,United States,2
503,2014-03-14 08:22:23,Russia,2
504,2014-03-12 01:40:03,Russia,2
505,2014-03-19 18:10:16,China,2
506,2014-03-04 09:56:41,Portugal,2
507,2014-03-04 21:06:58,Jordan,1
508,2014-03-15 20:52:03,Mexico,0
509,2014-03-15 12:50:12,Canada,0
510,2014-03-05 15:38:43,Argentina,1
511,2014-03-12 00:50:40,France,1
512,2014-03-23 13:52:02,Japan,2
513,2014-03-13 07:44:37,Poland,2
514,2014-03-21 05:23:42,Singapore,1
515,2014-03-18 20:49:51,Vietnam,1
516,2014-03-11 02:44:56,Ukraine,2
517,2014-03-15 11:47:41,Brazil,2
518,2014-03-04 18:48:15,Sweden,0
519,2014-02-28 05:36:12,Ireland,2
520,2014-03-17 05:46:34,Czech Republic,0
521,2014-03-24 03:45:15,United States,1
522,2014-03-07 05:10:24,United States,1
523,2014-03-27 22:00:37,Russia,1
524,2014-03-08 09:09:03,Russia,0
525,2014-03-12 21:00:42,China,2
526,2014-03-13 16:45:31,Portugal,1
527,2014-03-11 07:12:46,Jordan,2
528,2014-03-08 15:29:08,Mexico,2
529,2014-03-25 18:53:37,Canada,1
530,2014-03-19 00:57:14,Argentina,1
531,2014-03-09 17:54:35,France,1
532,2014-03-07 14:00:29,Japan,0
533,2014-03-03 16:54:13,Poland,0
534,2014-03-22 07:32:50,Singapore,2
535,2014-03-29 09:45:19,Vietnam,2
536,2014-03-14 19:16:16,Ukraine,1
537,2014-03-12 01:43:20,Brazil,0
538,2014-03-18 22:37:16,Sweden,2
539,2014-03-17 01:02:02,Ireland,2
540,2014-02-24 20:57:34,Czech Republic,0
541,2014-03-06 23:46:10,United States,2
542,2014-03-28 00:00:56,United States,1
543,2014-03-28 11:52:11,Russia,0
544,2014-03-27 18:17:51,Russia,1
545,2014-03-28 07:45:11,China,2
546,2014-03-07 10:23:43,Portugal,2
547,2014-03-02 12:12:36,Jordan,1
548,2014-03-08 18:10:09,Mexico,2
549,2014-03-16 21:09:36,Canada,0
550,2014-03-01 03:30:06,Argentina,2
551,2014-03-28 04:27:23,France,0
552,2014-03-15 14:10:06,Japan,0
553,2014-02-26 03:50:09,Poland,1
554,2014-03-01 11:30:11,Singapore,0
555,2014-03-21 02:16:47,Vietnam,2
556,2014-03-11 13:24:01,Ukraine,2
557,2014-03-02 19:43:14,Brazil,0
558,2014-02-24 15:58:44,Sweden,1
559,2014-03-10 15:37:46,Ireland,2
560,2014-03-15 07:42:04,Czech Republic,2
561,2014-03-14 02:23:44,United States,1
562,2014-03-05 09:30:43,United States,0
563,2014-03-02 17:44:49,Russia,1
564,2014-03-06 15:24:07,Russia,2
565,2014-03-03 08:45:16,China,2
566,2014-03-06 19:00:00,Portugal,0
567,2014-03-21 19:21:51,Jordan,1
568,2014-02-28 20:15:30,Mexico,2
569,2014-03-28 04:48:39,Canada,1
570,2014-03-27 05:39:07,Argentina,1
571,2014-02-28 15:48:20,France,2
572,2014-03-29 17:41:22,Japan,2
573,2014-03-10 17:46:34,Poland,0
574,2014-03-28 06:00:17,Singapore,1
575,2014-02-28 21:11:07,Vietnam,1
576,2014-03-12 16:47:44,Ukraine,1
577,2014-02-26 12:25:54,Brazil,0
578,2014-03-14 12:27:47,Sweden,2
579,2014-03-17 19:14:14,Ireland,2
580,2014-03-28 14:37:05,Czech Republic,1
581,2014-03-15 10:14:37,United States,2
582,2014-03-03 03:49:52,United States,1
583,2014-03-05 16:11:35,Russia,2
584,2014-03-04 19:13:07,Russia,2
585,2014-03-07 21:54:45,China,0
586,2014-03-09 15:00:17,Portugal,0
587,2014-03-01 22:05:46,Jordan,1
588,2014-03-13 15:11:06,Mexico,2
589,2014-02-27 13:55:35,Canada,2
590,2014-03-11 11:50:00,Argentina,2
591,2014-03-27 23:10:45,France,2
592,2014-03-10 20:18:12,Japan,1
593,2014-03-25 23:08:01,Poland,1
594,2014-03-15 02:45:20,Singapore,2
595,2014-03-08 13:42:16,Vietnam,1
596,2014-03-01 12:19:32,Ukraine,2
597,2014-03-01 19:47:36,Brazil,0
598,2014-03-25 08:45:37,Sweden,0
599,2014-03-11 06:00:32,Ireland,1
600,2014-03-21 00:58:37,Czech Republic,1
601,2014-03-08 03:48:22,United States,0
602,2014-02-27 02:08:02,United States,0
603,2014-03-04 13:22:04,Russia,0
604,2014-03-18 07:50:05,Russia,2
605,2014-02-28 15:06:28,China,0
606,2014-03-03 21:55:10,Portugal,1
607,2014-03-12 06:30:18,Jordan,1
608,2014-03-25 02:35:07,Mexico,2
609,2014-03-28 15:23:02,Canada,0
610,2014-03-07 02:44:21,Argentina,2
611,2014-03-15 17:54:52,France,2
612,2014-03-26 12:43:51,Japan,1
613,2014-03-22 17:13:15,Poland,0
614,2014-03-20 17:21:11,Singapore,0
615,2014-03-17 05:01:02,Vietnam,1
616,2014-03-11 07:45:48,Ukraine,0
617,2014-03-16 10:04:17,Brazil,0
618,2014-03-15 09:31:51,Sweden,0
619,2014-03-12 02:06:46,Ireland,0
620,2014-02-26 09:27:45,Czech Republic,2
621,2014-03-04 09:24:39,United States,2
622,2014-03-03 07:12:54,United States,0
623,2014-02-27 22:22:55,Russia,1
624,2014-03-05 16:25:31,Russia,0
625,2014-03-10 10:33:02,China,2
626,2014-03-25 18:57:53,Portugal,1
627,2014-03-12 00:52:08,Jordan,0
628,2014-03-03 15:56:35,Mexico,0
629,2014-03-16 12:24:31,Canada,0
630,2014-03-29 06:39:22,Argentina,1
631,2014-03-18 21:05:34,France,0
632,2014-03-06 02:44:17,Japan,1
633,2014-03-03 01:54:10,Poland,0
634,2014-03-20 09:01:39,Singapore,0
635,2014-03-30 13:12:50,Vietnam,0
636,2014-03-12 21:11:38,Ukraine,2
637,2014-03-02 16:46:58,Brazil,1
638,2014-03-02 00:42:51,Sweden,0
639,2014-03-30 03:36:38,Ireland,2
640,2014-02-24 17:53:13,Czech Republic,1
641,2014-02-24 09:55:26,United States,2
642,2014-03-09 07:41:36,United States,2
643,2014-03-07 20:19:05,Russia,2
644,2014-03-11 01:09:24,Russia,1
645,2014-03-27 04:10:22,China,0
646,2014-03-23 17:49:54,Portugal,2
647,2014-03-19 22:42:18,Jordan,2
648,2014-03-10 03:08:55,Mexico,0
649,2014-03-24 09:52:26,Canada,0
650,2014-03-26 22:24:57,Argentina,2
651,2014-03-11 22:31:52,France,2
652,2014-03-19 17:35:02,Japan,0
653,2014-03-14 14:08:34,Poland,2
654,2014-03-24 10:56:54,Singapore,0
655,2014-03-01 03:45:07,Vietnam,2
656,2014-03-26 19:24:34,Ukraine,2
657,2014-03-05 22:42:14,Brazil,1
658,2014-03-19 08:55:56,Sweden,2
659,2014-03-26 19:10:06,Ireland,2
660,2014-03-21 18:32:01,Czech Republic,0
661,2014-02-27 22:39:41,United States,0
662,2014-03-24 07:31:01,United States,0
663,2014-03-25 22:57:28,Russia,1
664,2014-03-04 22:04:02,Russia,0
665,2014-03-30 21:00:23,China,2
666,2014-03-29 04:14:10,Portugal,1
667,2014-03-24 04:45:24,Jordan,2
668,2014-03-16 08:43:39,Mexico,0
669,2014-02-26 08:21:06,Canada,1
670,2014-03-30 11:31:48,Argentina,1
671,2014-03-04 00:57:22,France,1
672,2014-03-17 05:24:31,Japan,1
673,2014-03-07 15:44:32,Poland,0
674,2014-03-18 01:05:56,Singapore,2
675,2014-03-10 16:13:44,Vietnam,0
676,2014-03-06 15:20:36,Ukraine,1
677,2014-03-07 03:54:45,Brazil,1
678,2014-03-01 05:16:20,Sweden,2
679,2014-02-27 13:14:59,Ireland,2
680,2014-03-04 16:25:49,Czech Republic,0
681,2014-03-14 02:47:39,United States,1
682,2014-03-04 13:26:32,United States,1
683,2014-03-20 10:32:49,Russia,2
684,2014-03-14 20:49:42,Russia,1
685,2014-03-07 01:40:37,China,0
686,2014-02-28 10:18:32,Portugal,2
687,2014-03-23 10:25:10,Jordan,2
688,2014-03-10 13:09:35,Mexico,2
689,2014-03-11 11:28:45,Canada,1
690,2014-03-25 15:51:26,Argentina,1
691,2014-03-21 10:46:10,France,2
692,2014-03-25 07:53:48,Japan,1
693,2014-03-03 04:57:44,Poland,2
694,2014-03-10 23:16:56,Singapore,0
695,2014-03-17 01:33:04,Vietnam,1
696,2014-03-06 23:29:02,Ukraine,2
697,2014-03-08 05:26:54,Brazil,1
698,2014-03-06 05:46:39,Sweden,1
699,2014-03-21 08:19:25,Ireland,0
700,2014-03-06 13:46:51,Czech Republic,0
701,2014-03-03 04:32:09,United States,1
702,2014-03-26 19:14:51,United States,1
703,2014-03-06 20:06:42,Russia,2
704,2014-03-25 16:35:20,Russia,2
705,2014-03-01 08:26:34,China,2
706,2014-03-16 06:52:30,Portugal,0
707,2014-03-18 16:14:37,Jordan,2
708,2014-03-11 17:03:41,Mexico,2
709,2014-03-19 09:08:59,Canada,2
710,2014-03-22 19:24:44,Argentina,1
711,2014-03-09 10:13:48,France,2
712,2014-03-06 15:07:40,Japan,0
713,2014-03-09 01:45:04,Poland,2
714,2014-02-26 12:42:29,Singapore,1
715,2014-03-02 08:49:07,Vietnam,1
716,2014-02-26 03:16:35,Ukraine,0
717,2014-03-07 13:46:05,Brazil,2
718,2014-03-08 15:10:21,Sweden,0
719,2014-03-09 13:47:21,Ireland,2
720,2014-03-25 18:21:27,Czech Republic,1
721,2014-02-28 13:37:00,United States,2
722,2014-03-06 18:59:56,United States,2
723,2014-03-28 15:18:36,Russia,0
724,2014-03-04 15:54:10,Russia,1
725,2014-03-16 00:38:06,China,0
726,2014-02-24 10:36:26,Portugal,2
727,2014-03-28 21:39:12,Jordan,2
728,2014-03-04 22:06:45,Mexico,1
729,2014-03-29 17:54:51,Canada,2
730,2014-03-20 00:21:15,Argentina,0
731,2014-03-07 18:40:44,France,2
732,2014-03-08 02:21:44,Japan,1
733,2014-03-12 23:36:46,Poland,1
734,2014-03-27 06:54:13,Singapore,1
735,2014-03-16 14:56:31,Vietnam,0
736,2014-02-26 12:39:43,Ukraine,1
737,2014-03-27 04:03:02,Brazil,2
738,2014-03-27 03:45:46,Sweden,0
739,2014-03-05 13:35:15,Ireland,0
740,2014-03-25 10:41:06,Czech Republic,1
741,2014-03-27 19:07:32,United States,0
742,2014-03-14 05:16:59,United States,2
743,2014-03-06 16:44:08,Russia,0
744,2014-02-28 07:44:27,Russia,2
745,2014-03-19 21:36:27,China,0
746,2014-03-05 00:23:39,Portugal,0
747,2014-03-16 13:53:44,Jordan,1
748,2014-02-27 03:09:26,Mexico,0
749,2014-02-24 19:30:05,Canada,0
750,2014-03-11 00:13:22,Argentina,2
751,2014-03-13 10:49:13,France,1
752,2014-03-30 10:40:16,Japan,0
753,2014-03-28 12:31:26,Poland,0
754,2014-03-28 22:26:17,Singapore,0
755,2014-03-03 21:09:56,Vietnam,0
756,2014-03-07 20:26:18,Ukraine,2
757,2014-03-10 09:10:45,Brazil,0
758,2014-03-28 22:32:30,Sweden,2
759,2014-02-26 01:25:13,Ireland,2
760,2014-03-23 05:30:53,Czech Republic,1
761,2014-03-12 13:58:36,United States,0
762,2014-03-27 19:38:58,United States,2
763,2014-03-28 19:45:29,Russia,1
764,2014-03-09 11:41:45,Russia,0
765,2014-03-07 14:16:22,China,1
766,2014-03-05 01:42:13,Portugal,0
767,2014-03-23 11:46:22,Jordan,2
768,2014-03-29 03:17:43,Mexico,0
769,2014-02-25 03:01:36,Canada,2
770,2014-03-25 01:40:53,Argentina,2
771,2014-03-17 05:05:36,France,2
772,2014-03-06 04:46:29,Japan,1
773,2014-03-28 07:55:08,Poland,1
774,2014-03-07 05:26:59,Singapore,0
775,2014-03-24 18:19:21,Vietnam,1
776,2014-03-22 22:23:17,Ukraine,0
777,2014-03-18 10:07:38,Brazil,2
778,2014-03-23 14:10:15,Sweden,2
779,2014-03-18 10:55:12,Ireland,1
780,2014-02-28 21:30:46,Czech Republic,2
781,2014-03-18 08:33:45,United States,1
782,2014-02-27 06:18:46,United States,1
783,2014-03-07 04:26:08,Russia,2
784,2014-03-26 02:26:50,Russia,1
785,2014-03-02 17:18:38,China,0
786,2014-03-12 14:10:55,Portugal,2
787,2014-03-25 00:02:11,Jordan,2
788,2014-03-11 22:39:18,Mexico,2
789,2014-03-07 14:46:45,Canada,2
790,2014-03-25 22:37:30,Argentina,1
791,2014-03-08 04:31:22,France,0
792,2014-03-06 05:15:23,Japan,2
793,2014-03-30 00:54:34,Poland,0
794,2014-03-28 12:53:25,Singapore,1
795,2014-03-09 12:17:48,Vietnam,2
796,2014-03-18 09:09:28,Ukraine,2
797,2014-02-26 09:54:17,Brazil,1
798,2014-03-02 22:58:03,Sweden,1
799,2014-03-26 23:38:27,Ireland,2
800,2014-03-19 17:41:11,Czech Republic,1
801,2014-03-12 04:28:57,United States,2
802,2014-03-04 21:28:42,United States,2
803,2014-03-24 23:51:22,Russia,1
804,2014-03-03 01:37:29,Russia,2
805,2014-03-23 22:02:46,China,1
806,2014-03-05 14:01:03,Portugal,1
807,2014-03-27 01:20:54,Jordan,2
808,2014-02-26 10:43:31,Mexico,2
809,2014-02-28 05:10:24,Canada,0
810,2014-03-15 19:09:14,Argentina,0
811,2014-03-29 14:59:41,France,2
812,2014-03-03 17:05:37,Japan,0
813,2014-03-02 23:43:44,Poland,0
814,2014-03-10 06:32:55,Singapore,2
815,2014-02-25 06:04:40,Vietnam,0
816,2014-03-28 14:36:55,Ukraine,1
817,2014-03-07 19:10:06,Brazil,1
818,2014-03-27 07:19:01,Sweden,0
819,2014-03-14 04:18:23,Ireland,1
820,2014-03-09 09:37:05,Czech Republic,1
821,2014-02-25 11:51:58,United States,2
822,2014-03-08 05:37:59,United States,2
823,2014-03-15 21:04:52,Russia,2
824,2014-03-15 01:12:32,Russia,1
825,2014-03-25 15:07:52,China,2
826,2014-03-30 09:51:41,Portugal,1
827,2014-03-13 20:52:48,Jordan,2
828,2014-03-22 07:28:50,Mexico,1
829,2014-03-19 11:48:58,Canada,0
830,2014-02-24 06:31:00,Argentina,2
831,2014-03-25 05:30:32,France,1
832,2014-03-01 17:00:23,Japan,1
833,2014-03-10 05:21:57,Poland,2
834,2014-03-01 00:42:38,Singapore,1
835,2014-03-07 18:05:22,Vietnam,0
836,2014-03-11 07:40:58,Ukraine,2
837,2014-03-03 13:14:01,Brazil,0
838,2014-03-29 23:06:26,Sweden,0
839,2014-03-03 14:33:10,Ireland,1
840,2014-03-24 05:13:03,Czech Republic,1
841,2014-03-11 11:19:06,United States,0
842,2014-03-04 12:23:25,United States,0
843,2014-03-12 21:41:47,Russia,1
844,2014-03-22 15:12:11,Russia,1
845,2014-03-15 08:33:50,China,1
846,2014-03-07 20:43:37,Portugal,1
847,2014-03-07 12:42:40,Jordan,0
848,2014-03-30 18:45:09,Mexico,0
849,2014-03-18 07:02:52,Canada,0
850,2014-02-28 07:18:40,Argentina,2
