,Timestamp,Country,Sentiment
0,2014-02-11 23:14:42,United States,0
1,2014-02-18 10:13:11,United States,0
2,2014-02-11 23:51:01,Russia,2
3,2014-02-08 17:34:21,Russia,0
4,2014-02-19 19:41:59,China,2
5,2014-02-10 22:33:24,Portugal,0
6,2014-02-08 01:25:52,Jordan,1
7,2014-02-09 18:23:46,Mexico,0
8,2014-02-22 08:47:30,Canada,2
9,2014-02-07 07:39:49,Argentina,0
10,2014-02-10 07:30:42,France,2
11,2014-02-16 10:05:43,Japan,0
12,2014-02-08 10:41:03,Poland,2
13,2014-02-11 02:56:40,Singapore,2
14,2014-02-20 06:36:45,Vietnam,2
15,2014-02-15 06:23:20,Ukraine,0
16,2014-02-15 02:48:26,Brazil,0
17,2014-02-17 15:21:55,Sweden,0
18,2014-02-20 08:41:24,Ireland,0
19,2014-02-07 13:11:02,Czech Republic,0
20,2014-02-13 15:53:58,United States,0
21,2014-02-07 15:41:24,United States,1
22,2014-02-17 22:11:51,Russia,2
23,2014-02-11 09:00:20,Russia,0
24,2014-02-17 23:27:16,China,0
25,2014-02-18 06:19:37,Portugal,2
26,2014-02-18 08:44:32,Jordan,1
27,2014-02-07 04:17:53,Mexico,0
28,2014-02-11 21:03:04,Canada,2
29,2014-02-12 17:22:40,Argentina,0
30,2014-02-22 19:57:03,France,2
31,2014-02-12 05:54:37,Japan,2
32,2014-02-10 01:13:51,Poland,1
33,2014-02-16 15:16:32,Singapore,1
34,2014-02-13 10:01:21,Vietnam,2
35,2014-02-12 01:23:46,Ukraine,2
36,2014-02-17 23:51:20,Brazil,2
37,2014-02-15 02:19:17,Sweden,0
38,2014-02-16 02:59:20,Ireland,1
39,2014-02-12 15:43:37,Czech Republic,0
40,2014-02-07 03:20:57,United States,2
41,2014-02-09 08:23:33,United States,2
42,2014-02-12 01:23:37,Russia,2
43,2014-02-21 00:30:36,Russia,1
44,2014-02-18 20:56:36,China,1
45,2014-02-18 00:45:13,Portugal,1
46,2014-02-17 15:08:34,Jordan,1
47,2014-02-14 06:55:32,Mexico,1
48,2014-02-22 09:16:17,Canada,2
49,2014-02-19 11:35:14,Argentina,2
50,2014-02-20 08:23:34,France,0
51,2014-02-15 04:40:02,Japan,1
52,2014-02-17 00:13:16,Poland,1
53,2014-02-12 23:24:36,Singapore,2
54,2014-02-07 12:34:30,Vietnam,2
55,2014-02-11 08:50:00,Ukraine,1
56,2014-02-08 02:18:12,Brazil,1
57,2014-02-17 05:23:34,Sweden,1
58,2014-02-10 04:35:11,Ireland,0
59,2014-02-18 23:17:06,Czech Republic,0
60,2014-02-13 12:33:03,United States,2
61,2014-02-19 21:24:04,United States,1
62,2014-02-15 21:20:38,Russia,1
63,2014-02-15 19:26:30,Russia,0
64,2014-02-16 10:28:07,China,0
65,2014-02-11 05:01:27,Portugal,0
66,2014-02-15 16:03:05,Jordan,2
67,2014-02-08 04:29:06,Mexico,0
68,2014-02-18 17:10:01,Canada,0
69,2014-02-13 17:49:54,Argentina,0
70,2014-02-09 00:06:13,France,0
71,2014-02-17 22:55:34,Japan,2
72,2014-02-21 09:01:48,Poland,1
73,2014-02-13 04:27:06,Singapore,0
74,2014-02-08 08:40:42,Vietnam,2
75,2014-02-22 05:09:43,Ukraine,0
76,2014-02-19 22:31:56,Brazil,0
77,2014-02-15 11:13:01,Sweden,2
78,2014-02-10 23:28:39,Ireland,1
79,2014-02-17 12:48:00,Czech Republic,2
80,2014-02-21 18:38:38,United States,2
81,2014-02-07 02:28:26,United States,2
82,2014-02-08 07:43:00,Russia,1
83,2014-02-18 20:36:59,Russia,2
84,2014-02-20 08:27:55,China,0
85,2014-02-07 19:21:00,Portugal,1
86,2014-02-22 04:37:31,Jordan,1
87,2014-02-21 23:50:12,Mexico,2
88,2014-02-11 15:59:42,Canada,1
89,2014-02-10 06:32:18,Argentina,2
90,2014-02-07 23:37:35,France,0
91,2014-02-10 21:07:33,Japan,1
92,2014-02-18 10:37:32,Poland,0
93,2014-02-09 23:28:35,Singapore,2
94,2014-02-18 03:41:39,Vietnam,0
95,2014-02-13 14:39:26,Ukraine,1
96,2014-02-20 21:51:04,Brazil,2
97,2014-02-11 15:56:32,Sweden,2
98,2014-02-09 11:21:15,Ireland,1
99,2014-02-22 02:42:21,Czech Republic,1
100,2014-02-08 12:55:24,United States,1
101,2014-02-16 09:34:42,United States,1
102,2014-02-07 07:36:12,Russia,0
103,2014-02-07 11:08:07,Russia,2
104,2014-02-12 12:19:09,China,2
105,2014-02-09 15:40:39,Portugal,1
106,2014-02-16 10:50:34,Jordan,2
107,2014-02-16 03:12:51,Mexico,1
108,2014-02-11 13:24:36,Canada,0
109,2014-02-16 06:01:54,Argentina,1
110,2014-02-13 04:32:07,France,1
111,2014-02-08 10:16:09,Japan,2
112,2014-02-08 08:35:23,Poland,0
113,2014-02-20 05:47:31,Singapore,0
114,2014-02-13 01:42:50,Vietnam,0
115,2014-02-16 07:52:09,Ukraine,1
116,2014-02-17 08:42:59,Brazil,2
117,2014-02-22 06:57:22,Sweden,2
118,2014-02-07 09:48:58,Ireland,1
119,2014-02-08 12:32:06,Czech Republic,1
120,2014-02-09 12:39:36,United States,2
121,2014-02-19 10:10:30,United States,1
122,2014-02-10 11:49:23,Russia,0
123,2014-02-07 04:55:34,Russia,2
124,2014-02-15 03:52:17,China,2
125,2014-02-09 11:38:45,Portugal,1
126,2014-02-08 16:48:10,Jordan,0
127,2014-02-10 07:19:27,Mexico,2
128,2014-02-21 05:25:42,Canada,1
129,2014-02-21 05:49:56,Argentina,2
130,2014-02-10 19:08:08,France,2
131,2014-02-12 22:25:52,Japan,2
132,2014-02-13 13:45:22,Poland,2
133,2014-02-16 08:25:07,Singapore,0
134,2014-02-09 18:10:49,Vietnam,2
135,2014-02-09 08:06:39,Ukraine,2
136,2014-02-11 11:36:33,Brazil,1
137,2014-02-10 02:16:48,Sweden,1
138,2014-02-09 10:11:34,Ireland,1
139,2014-02-10 17:11:13,Czech Republic,2
140,2014-02-09 23:42:02,United States,1
141,2014-02-16 17:41:08,United States,1
142,2014-02-11 21:22:57,Russia,1
143,2014-02-14 17:50:23,Russia,0
144,2014-02-10 19:23:52,China,2
145,2014-02-22 07:13:49,Portugal,0
146,2014-02-15 13:05:51,Jordan,0
147,2014-02-09 02:53:42,Mexico,0
148,2014-02-09 23:36:09,Canada,1
149,2014-02-10 12:01:46,Argentina,1
150,2014-02-08 17:50:02,France,0
151,2014-02-20 19:35:24,Japan,2
152,2014-02-15 18:07:01,Poland,2
153,2014-02-19 18:38:41,Singapore,1
154,2014-02-08 21:12:53,Vietnam,2
155,2014-02-17 23:14:45,Ukraine,2
156,2014-02-21 15:10:33,Brazil,1
157,2014-02-09 00:06:36,Sweden,1
158,2014-02-20 13:49:27,Ireland,2
159,2014-02-07 19:01:49,Czech Republic,0
160,2014-02-09 17:37:55,United States,0
161,2014-02-22 13:55:43,United States,0
162,2014-02-13 02:44:59,Russia,2
163,2014-02-13 16:04:05,Russia,2
164,2014-02-22 14:30:45,China,1
165,2014-02-15 05:59:49,Portugal,1
166,2014-02-21 22:40:24,Jordan,0
167,2014-02-20 04:31:03,Mexico,1
168,2014-02-19 17:07:57,Canada,2
169,2014-02-18 18:45:16,Argentina,1
170,2014-02-12 21:40:14,France,1
171,2014-02-08 08:43:35,Japan,2
172,2014-02-10 04:24:50,Poland,0
173,2014-02-15 23:27:55,Singapore,0
174,2014-02-16 13:09:43,Vietnam,0
175,2014-02-09 19:25:26,Ukraine,1
176,2014-02-22 14:51:14,Brazil,2
177,2014-02-18 09:31:01,Sweden,0
178,2014-02-17 05:37:04,Ireland,2
179,2014-02-16 04:33:02,Czech Republic,0
180,2014-02-08 05:56:28,United States,2
181,2014-02-11 22:16:56,United States,1
182,2014-02-21 21:45:51,Russia,0
183,2014-02-16 01:36:48,Russia,0
184,2014-02-07 00:50:23,China,1
185,2014-02-10 15:00:43,Portugal,0
186,2014-02-08 07:47:34,Jordan,1
187,2014-02-10 09:50:45,Mexico,0
188,2014-02-21 05:20:57,Canada,2
189,2014-02-15 14:02:08,Argentina,2
190,2014-02-08 08:53:59,France,0
191,2014-02-12 00:49:07,Japan,0
192,2014-02-13 06:49:36,Poland,2
193,2014-02-17 00:26:10,Singapore,2
194,2014-02-08 09:30:11,Vietnam,0
195,2014-02-11 21:25:26,Ukraine,2
196,2014-02-10 07:12:41,Brazil,0
197,2014-02-09 07:56:38,Sweden,1
198,2014-02-15 21:40:43,Ireland,2
199,2014-02-17 00:05:16,Czech Republic,0
200,2014-02-11 05:23:12,United States,1
201,2014-02-10 11:31:14,United States,1
202,2014-02-11 12:51:32,Russia,0
203,2014-02-19 10:57:51,Russia,2
204,2014-02-14 19:36:52,China,0
205,2014-02-20 17:33:45,Portugal,0
206,2014-02-15 10:50:50,Jordan,0
207,2014-02-08 06:04:53,Mexico,0
208,2014-02-18 17:27:43,Canada,0
209,2014-02-18 18:56:54,Argentina,1
210,2014-02-16 23:01:11,France,2
211,2014-02-10 22:08:46,Japan,1
212,2014-02-07 19:17:48,Poland,0
213,2014-02-16 06:01:58,Singapore,1
214,2014-02-17 19:36:18,Vietnam,1
215,2014-02-17 05:11:13,Ukraine,0
216,2014-02-21 01:43:00,Brazil,0
217,2014-02-22 19:32:40,Sweden,1
218,2014-02-10 10:56:36,Ireland,0
219,2014-02-20 08:40:08,Czech Republic,0
220,2014-02-08 22:31:17,United States,0
221,2014-02-12 03:56:22,United States,0
222,2014-02-12 18:18:58,Russia,2
223,2014-02-12 23:48:22,Russia,2
224,2014-02-07 03:53:05,China,0
225,2014-02-13 08:34:49,Portugal,0
226,2014-02-09 22:50:18,Jordan,0
227,2014-02-16 23:09:35,Mexico,2
228,2014-02-11 06:05:56,Canada,1
229,2014-02-10 00:13:44,Argentina,0
230,2014-02-19 18:04:48,France,2
231,2014-02-08 11:01:45,Japan,2
232,2014-02-07 16:06:04,Poland,0
233,2014-02-08 06:00:24,Singapore,1
234,2014-02-12 02:34:24,Vietnam,1
235,2014-02-14 14:39:08,Ukraine,2
236,2014-02-08 10:11:22,Brazil,0
237,2014-02-19 16:29:46,Sweden,0
238,2014-02-14 15:35:45,Ireland,0
239,2014-02-09 14:26:27,Czech Republic,1
240,2014-02-18 02:54:17,United States,2
241,2014-02-15 14:20:04,United States,1
242,2014-02-15 23:35:55,Russia,1
243,2014-02-13 08:48:38,Russia,1
244,2014-02-21 01:49:28,China,2
245,2014-02-22 20:13:02,Portugal,2
246,2014-02-12 19:49:18,Jordan,1
247,2014-02-18 10:03:10,Mexico,1
248,2014-02-15 16:20:11,Canada,2
249,2014-02-12 01:01:53,Argentina,1
250,2014-02-07 15:39:20,France,1
251,2014-02-22 21:37:36,Japan,1
252,2014-02-20 18:19:03,Poland,1
253,2014-02-14 06:06:02,Singapore,0
254,2014-02-12 10:06:07,Vietnam,1
255,2014-02-16 15:38:47,Ukraine,2
256,2014-02-13 18:57:52,Brazil,1
257,2014-02-07 08:29:39,Sweden,1
258,2014-02-10 07:44:29,Ireland,1
259,2014-02-09 00:06:28,Czech Republic,0
260,2014-02-13 10:26:59,United States,1
261,2014-02-16 14:27:11,United States,2
262,2014-02-20 01:35:38,Russia,0
263,2014-02-14 21:49:40,Russia,2
264,2014-02-08 19:30:55,China,0
265,2014-02-10 07:28:42,Portugal,1
266,2014-02-13 05:36:11,Jordan,0
267,2014-02-20 20:32:14,Mexico,2
268,2014-02-12 14:20:15,Canada,2
269,2014-02-10 06:35:39,Argentina,1
270,2014-02-19 01:18:26,France,0
271,2014-02-18 22:51:36,Japan,2
272,2014-02-09 13:37:33,Poland,0
273,2014-02-15 14:57:25,Singapore,0
274,2014-02-11 03:50:32,Vietnam,1
275,2014-02-07 02:38:23,Ukraine,1
276,2014-02-14 05:36:37,Brazil,2
277,2014-02-17 06:49:47,Sweden,1
278,2014-02-10 12:04:17,Ireland,0
279,2014-02-11 02:02:02,Czech Republic,1
280,2014-02-18 10:40:26,United States,2
281,2014-02-09 12:01:52,United States,2
282,2014-02-16 15:05:47,Russia,2
283,2014-02-20 10:59:01,Russia,0
284,2014-02-11 03:26:42,China,0
285,2014-02-13 00:24:56,Portugal,1
286,2014-02-15 10:55:39,Jordan,2
287,2014-02-18 18:38:38,Mexico,1
288,2014-02-20 08:57:59,Canada,1
289,2014-02-13 11:57:29,Argentina,0
290,2014-02-21 23:51:09,France,1
291,2014-02-21 11:05:16,Japan,0
292,2014-02-12 00:31:35,Poland,0
293,2014-02-18 00:02:37,Singapore,0
294,2014-02-11 14:11:46,Vietnam,2
295,2014-02-08 21:55:17,Ukraine,1
296,2014-02-10 10:23:20,Brazil,1
297,2014-02-17 16:57:00,Sweden,0
298,2014-02-16 07:58:04,Ireland,1
299,2014-02-12 00:07:40,Czech Republic,1
300,2014-02-14 11:03:12,United States,1
301,2014-02-10 13:23:07,United States,1
302,2014-02-18 11:07:41,Russia,2
303,2014-02-08 21:43:19,Russia,1
304,2014-02-09 03:07:34,China,0
305,2014-02-18 15:57:12,Portugal,1
306,2014-02-08 02:39:07,Jordan,0
307,2014-02-19 23:32:53,Mexico,1
308,2014-02-13 11:17:12,Canada,0
309,2014-02-10 19:52:15,Argentina,0
310,2014-02-22 10:50:06,France,1
311,2014-02-07 23:06:52,Japan,1
312,2014-02-21 13:10:29,Poland,2
313,2014-02-12 05:08:49,Singapore,1
314,2014-02-07 11:21:38,Vietnam,1
315,2014-02-18 23:08:33,Ukraine,1
316,2014-02-13 23:35:12,Brazil,0
317,2014-02-10 14:36:32,Sweden,0
318,2014-02-18 17:50:00,Ireland,1
319,2014-02-21 22:05:05,Czech Republic,0
320,2014-02-20 01:02:55,United States,1
321,2014-02-18 07:14:30,United States,2
322,2014-02-19 18:38:04,Russia,1
323,2014-02-16 04:03:25,Russia,2
324,2014-02-20 14:30:18,China,0
325,2014-02-07 14:56:18,Portugal,2
326,2014-02-11 18:50:23,Jordan,1
327,2014-02-10 02:51:13,Mexico,1
328,2014-02-20 01:15:13,Canada,2
329,2014-02-11 02:44:41,Argentina,0
330,2014-02-13 02:44:03,France,1
331,2014-02-14 08:17:28,Japan,1
332,2014-02-12 21:17:25,Poland,2
333,2014-02-14 01:46:15,Singapore,1
334,2014-02-17 04:21:55,Vietnam,1
335,2014-02-18 23:57:40,Ukraine,2
336,2014-02-13 21:28:23,Brazil,0
337,2014-02-07 20:07:15,Sweden,1
338,2014-02-17 00:01:52,Ireland,0
339,2014-02-19 15:04:48,Czech Republic,1
340,2014-02-09 16:35:47,United States,2
341,2014-02-12 23:35:23,United States,0
342,2014-02-14 16:32:24,Russia,2
343,2014-02-08 00:10:54,Russia,2
344,2014-02-18 11:56:07,China,0
345,2014-02-08 22:45:32,Portugal,2
346,2014-02-19 20:42:41,Jordan,1
347,2014-02-12 23:42:22,Mexico,0
348,2014-02-16 00:08:53,Canada,2
349,2014-02-09 23:39:58,Argentina,1
350,2014-02-14 06:50:03,France,2
351,2014-02-21 05:48:21,Japan,0
352,2014-02-07 17:58:29,Poland,1
353,2014-02-14 14:16:57,Singapore,0
354,2014-02-12 10:21:31,Vietnam,2
355,2014-02-12 07:50:43,Ukraine,2
356,2014-02-20 11:49:32,Brazil,2
357,2014-02-08 18:02:13,Sweden,2
358,2014-02-22 05:08:15,Ireland,0
359,2014-02-14 08:31:00,Czech Republic,1
360,2014-02-22 17:40:59,United States,2
361,2014-02-22 14:04:56,United States,0
362,2014-02-07 08:50:59,Russia,0
363,2014-02-21 21:57:48,Russia,0
364,2014-02-07 17:01:33,China,0
365,2014-02-07 02:33:37,Portugal,1
366,2014-02-22 09:37:54,Jordan,0
367,2014-02-16 19:18:55,Mexico,1
368,2014-02-08 00:10:17,Canada,0
369,2014-02-10 10:47:50,Argentina,0
370,2014-02-12 15:27:08,France,1
371,2014-02-17 08:49:37,Japan,2
372,2014-02-17 06:39:57,Poland,0
373,2014-02-11 01:26:07,Singapore,2
374,2014-02-15 18:59:40,Vietnam,0
375,2014-02-12 07:49:12,Ukraine,0
376,2014-02-21 10:25:20,Brazil,1
377,2014-02-18 15:21:30,Sweden,1
378,2014-02-10 19:50:06,Ireland,0
379,2014-02-18 01:44:55,Czech Republic,1
380,2014-02-20 06:12:45,United States,0
381,2014-02-09 07:13:09,United States,2
382,2014-02-11 18:00:08,Russia,1
383,2014-02-19 04:51:43,Russia,2
384,2014-02-21 06:10:39,China,2
385,2014-02-15 07:01:07,Portugal,2
386,2014-02-14 13:09:19,Jordan,1
387,2014-02-19 23:10:55,Mexico,1
388,2014-02-12 19:22:04,Canada,0
389,2014-02-11 20:25:26,Argentina,2
390,2014-02-08 11:31:20,France,0
391,2014-02-09 23:31:05,Japan,2
392,2014-02-17 12:12:06,Poland,1
393,2014-02-12 22:06:43,Singapore,0
394,2014-02-11 08:12:40,Vietnam,2
395,2014-02-19 11:53:22,Ukraine,0
396,2014-02-17 10:42:46,Brazil,1
397,2014-02-08 13:17:40,Sweden,1
398,2014-02-17 12:37:51,Ireland,2
399,2014-02-22 06:18:52,Czech Republic,1
400,2014-02-13 16:50:08,United States,1
401,2014-02-07 22:17:32,United States,0
402,2014-02-13 00:26:19,Russia,1
403,2014-02-08 12:50:42,Russia,1
404,2014-02-15 09:51:01,China,2
405,2014-02-17 23:57:43,Portugal,0
406,2014-02-08 08:41:35,Jordan,2
407,2014-02-19 00:25:26,Mexico,1
408,2014-02-11 08:02:55,Canada,0
409,2014-02-22 07:24:21,Argentina,1
410,2014-02-11 04:38:11,France,1
411,2014-02-21 04:34:13,Japan,0
412,2014-02-22 23:17:50,Poland,1
413,2014-02-13 20:21:02,Singapore,0
414,2014-02-11 13:25:52,Vietnam,2
415,2014-02-14 03:13:22,Ukraine,0
416,2014-02-08 19:12:14,Brazil,1
417,2014-02-14 04:04:21,Sweden,1
418,2014-02-16 09:42:57,Ireland,2
419,2014-02-20 22:50:01,Czech Republic,0
420,2014-02-09 20:07:54,United States,0
421,2014-02-09 10:40:03,United States,0
422,2014-02-18 03:41:27,Russia,0
423,2014-02-21 16:45:07,Russia,2
424,2014-02-10 15:41:12,China,2
425,2014-02-14 17:55:24,Portugal,0
426,2014-02-21 07:50:35,Jordan,2
427,2014-02-11 22:24:25,Mexico,1
428,2014-02-15 04:09:47,Canada,0
429,2014-02-10 10:14:45,Argentina,2
430,2014-02-13 22:54:19,France,1
431,2014-02-13 02:07:00,Japan,1
432,2014-02-18 22:36:24,Poland,2
433,2014-02-10 17:20:05,Singapore,1
434,2014-02-16 09:13:08,Vietnam,1
435,2014-02-07 08:39:56,Ukraine,1
436,2014-02-20 18:55:45,Brazil,1
437,2014-02-20 20:45:41,Sweden,1
438,2014-02-22 06:13:42,Ireland,1
439,2014-02-18 22:49:50,Czech Republic,1
440,2014-02-16 18:17:27,United States,1
441,2014-02-07 17:18:15,United States,2
442,2014-02-14 03:08:17,Russia,1
443,2014-02-18 22:23:10,Russia,0
444,2014-02-20 18:16:45,China,0
445,2014-02-14 00:43:04,Portugal,0
446,2014-02-09 23:32:26,Jordan,2
447,2014-02-11 05:07:31,Mexico,0
448,2014-02-08 23:41:05,Canada,1
449,2014-02-21 08:46:00,Argentina,1
450,2014-02-22 10:07:35,France,2
451,2014-02-19 20:05:23,Japan,1
452,2014-02-09 19:17:29,Poland,0
453,2014-02-13 02:29:10,Singapore,0
454,2014-02-16 13:13:16,Vietnam,0
455,2014-02-13 09:36:55,Ukraine,0
456,2014-02-22 16:49:32,Brazil,2
457,2014-02-22 15:01:19,Sweden,2
458,2014-02-16 19:58:05,Ireland,1
459,2014-02-10 04:42:58,Czech Republic,0
460,2014-02-19 18:23:05,United States,2
461,2014-02-21 23:33:17,United States,1
462,2014-02-14 10:47:16,Russia,1
463,2014-02-15 14:18:06,Russia,0
464,2014-02-16 06:06:38,China,0
465,2014-02-20 05:40:09,Portugal,1
466,2014-02-16 09:39:10,Jordan,0
467,2014-02-09 07:28:36,Mexico,1
468,2014-02-22 21:03:41,Canada,2
469,2014-02-11 00:09:06,Argentina,2
470,2014-02-08 08:19:36,France,0
471,2014-02-13 16:23:04,Japan,2
472,2014-02-21 03:25:57,Poland,2
473,2014-02-09 00:14:33,Singapore,0
474,2014-02-15 04:05:46,Vietnam,0
475,2014-02-12 20:57:16,Ukraine,0
476,2014-02-21 00:25:07,Brazil,0
477,2014-02-09 13:47:24,Sweden,2
478,2014-02-17 14:07:25,Ireland,0
479,2014-02-18 17:28:06,Czech Republic,1
480,2014-02-21 08:47:18,United States,1
481,2014-02-18 08:22:22,United States,1
482,2014-02-14 12:26:14,Russia,0
483,2014-02-17 15:47:08,Russia,2
484,2014-02-16 11:59:30,China,2
485,2014-02-20 21:00:25,Portugal,0
486,2014-02-21 03:53:30,Jordan,0
487,2014-02-22 08:15:03,Mexico,1
488,2014-02-21 23:57:03,Canada,2
489,2014-02-11 17:02:01,Argentina,1
490,2014-02-10 19:52:44,France,0
491,2014-02-17 23:08:57,Japan,2
492,2014-02-10 14:35:44,Poland,2
493,2014-02-10 08:44:13,Singapore,1
494,2014-02-14 18:09:39,Vietnam,0
495,2014-02-22 14:09:07,Ukraine,2
496,2014-02-18 21:54:25,Brazil,2
497,2014-02-21 05:15:10,Sweden,1
498,2014-02-07 18:45:11,Ireland,2
499,2014-02-19 01:44:04,Czech Republic,2
500,2014-02-14 10:38:45,United States,1
501,2014-02-15 12:40:11,United States,1
502,2014-02-15 19:32:42,Russia,0
503,2014-02-16 22:55:05,Russia,1
504,2014-02-20 03:49:05,China,0
505,2014-02-17 07:51:39,Portugal,1
506,2014-02-13 05:51:26,Jordan,0
507,2014-02-10 07:15:53,Mexico,2
508,2014-02-18 12:38:55,Canada,0
509,2014-02-18 12:51:44,Argentina,1
510,2014-02-16 05:20:35,France,1
511,2014-02-15 12:22:44,Japan,2
512,2014-02-14 07:55:50,Poland,1
513,2014-02-10 11:59:21,Singapore,0
514,2014-02-18 16:48:25,Vietnam,2
515,2014-02-10 19:06:34,Ukraine,1
516,2014-02-17 23:39:38,Brazil,0
517,2014-02-15 19:30:23,Sweden,0
518,2014-02-17 18:11:28,Ireland,1
519,2014-02-13 06:37:07,Czech Republic,1
520,2014-02-17 16:16:06,United States,1
521,2014-02-09 22:50:36,United States,2
522,2014-02-19 10:44:40,Russia,1
523,2014-02-08 20:20:18,Russia,2
524,2014-02-10 18:52:45,China,1
525,2014-02-18 04:42:53,Portugal,2
526,2014-02-19 05:37:13,Jordan,1
527,2014-02-18 17:09:52,Mexico,0
528,2014-02-11 00:12:41,Canada,2
529,2014-02-08 06:22:55,Argentina,1
530,2014-02-17 02:11:23,France,2
531,2014-02-16 03:41:22,Japan,0
532,2014-02-07 19:45:24,Poland,1
533,2014-02-10 09:31:38,Singapore,0
534,2014-02-15 04:55:44,Vietnam,0
535,2014-02-21 13:32:29,Ukraine,2
536,2014-02-21 04:37:12,Brazil,2
537,2014-02-17 00:08:52,Sweden,2
538,2014-02-12 23:54:18,Ireland,2
539,2014-02-13 11:01:29,Czech Republic,0
540,2014-02-19 07:26:00,United States,0
541,2014-02-11 08:08:43,United States,1
542,2014-02-08 07:02:52,Russia,0
543,2014-02-10 04:47:29,Russia,0
544,2014-02-15 19:24:56,China,0
545,2014-02-08 18:07:23,Portugal,0
546,2014-02-12 08:46:55,Jordan,1
547,2014-02-18 10:02:20,Mexico,1
548,2014-02-10 10:22:47,Canada,1
549,2014-02-15 04:42:13,Argentina,2
550,2014-03-22 08:20:25,United States,0
551,2014-03-21 00:36:14,United States,2
552,2014-03-27 15:46:15,Russia,2
553,2014-03-17 20:59:34,Russia,2
554,2014-03-05 09:37:07,China,1
555,2014-03-09 14:44:01,Portugal,0
556,2014-02-27 03:10:26,Jordan,2
557,2014-03-18 21:10:08,Mexico,1
558,2014-03-05 02:18:00,Canada,0
559,2014-03-14 01:36:12,Argentina,2
560,2014-03-23 18:50:25,France,0
561,2014-02-28 10:57:55,Japan,1
562,2014-03-10 03:20:30,Poland,0
563,2014-03-10 20:40:14,Singapore,2
564,2014-03-29 11:51:26,Vietnam,2
565,2014-03-06 07:49:33,Ukraine,1
566,2014-02-27 21:47:32,Brazil,0
567,2014-03-19 18:44:48,Sweden,2
568,2014-02-28 05:45:26,Ireland,0
569,2014-03-04 21:09:33,Czech Republic,2
570,2014-03-22 00:29:42,United States,2
571,2014-03-13 04:42:34,United States,0
572,2014-03-26 05:46:46,Russia,0
573,2014-03-11 02:45:04,Russia,1
574,2014-03-02 05:27:36,China,1
575,2014-03-27 10:17:52,Portugal,0
576,2014-03-08 13:58:39,Jordan,1
577,2014-03-17 13:46:23,Mexico,0
578,2014-03-07 11:56:48,Canada,1
579,2014-03-03 22:48:54,Argentina,0
580,2014-03-06 18:16:52,France,2
581,2014-03-29 16:36:08,Japan,2
582,2014-03-27 08:26:41,Poland,0
583,2014-03-29 09:54:00,Singapore,2
584,2014-03-17 04:21:37,Vietnam,1
585,2014-02-26 11:12:18,Ukraine,1
586,2014-03-01 13:23:35,Brazil,1
587,2014-03-17 08:50:41,Sweden,0
588,2014-03-01 21:53:43,Ireland,1
589,2014-02-25 09:24:54,Czech Republic,2
590,2014-03-25 20:37:47,United States,2
591,2014-03-28 08:55:19,United States,2
592,2014-03-18 08:14:40,Russia,0
593,2014-03-07 08:50:14,Russia,0
594,2014-03-28 05:28:07,China,1
595,2014-02-24 23:37:04,Portugal,0
596,2014-03-09 13:00:11,Jordan,0
597,2014-03-04 08:49:36,Mexico,2
598,2014-03-06 13:27:46,Canada,0
599,2014-03-05 07:52:18,Argentina,1
600,2014-03-15 23:09:07,France,2
601,2014-03-25 23:01:12,Japan,1
602,2014-03-01 11:53:47,Poland,0
603,2014-03-22 12:03:10,Singapore,1
604,2014-03-21 18:41:36,Vietnam,1
605,2014-03-23 19:14:53,Ukraine,0
606,2014-03-16 19:41:03,Brazil,2
607,2014-03-10 07:37:46,Sweden,2
608,2014-03-23 23:18:00,Ireland,1
609,2014-03-06 09:04:56,Czech Republic,1
610,2014-03-24 13:10:40,United States,2
611,2014-03-13 00:27:47,United States,1
612,2014-03-20 00:05:32,Russia,0
613,2014-03-19 01:22:01,Russia,2
614,2014-02-28 21:56:37,China,0
615,2014-02-28 03:52:06,Portugal,2
616,2014-03-18 17:46:08,Jordan,0
617,2014-03-27 19:10:41,Mexico,0
618,2014-03-11 13:00:24,Canada,0
619,2014-03-12 07:06:47,Argentina,2
620,2014-03-18 23:28:44,France,2
621,2014-03-28 03:46:15,Japan,2
622,2014-03-13 17:15:31,Poland,0
623,2014-03-14 10:56:02,Singapore,2
624,2014-03-03 20:38:22,Vietnam,2
625,2014-03-17 10:18:54,Ukraine,0
626,2014-03-17 22:18:36,Brazil,0
627,2014-03-25 07:01:04,Sweden,0
628,2014-02-24 16:29:23,Ireland,1
629,2014-03-12 01:12:55,Czech Republic,1
630,2014-02-27 11:52:25,United States,1
631,2014-02-27 17:23:28,United States,2
632,2014-03-30 03:11:29,Russia,2
633,2014-03-10 14:04:58,Russia,1
634,2014-02-24 07:35:15,China,2
635,2014-03-07 00:38:31,Portugal,1
636,2014-02-28 09:30:03,Jordan,2
637,2014-03-06 14:54:07,Mexico,2
638,2014-03-16 22:40:42,Canada,2
639,2014-03-05 02:56:58,Argentina,0
640,2014-03-07 11:50:18,France,2
641,2014-03-17 19:50:46,Japan,0
642,2014-03-20 11:45:48,Poland,2
643,2014-03-03 23:50:40,Singapore,1
644,2014-03-01 02:51:35,Vietnam,0
645,2014-03-29 16:54:39,Ukraine,2
646,2014-02-28 12:28:06,Brazil,0
647,2014-03-22 09:24:27,Sweden,0
648,2014-03-08 08:29:03,Ireland,2
649,2014-03-21 19:58:47,Czech Republic,1
650,2014-03-02 03:52:47,United States,1
651,2014-03-13 23:04:09,United States,0
652,2014-03-28 00:26:43,Russia,0
653,2014-03-04 00:40:55,Russia,1
654,2014-02-25 17:26:40,China,2
655,2014-03-17 10:19:47,Portugal,2
656,2014-03-19 06:00:00,Jordan,0
657,2014-03-29 15:27:31,Mexico,0
658,2014-03-21 18:13:19,Canada,2
659,2014-03-15 01:48:10,Argentina,1
660,2014-03-16 03:49:24,France,1
661,2014-02-28 02:58:10,Japan,0
662,2014-03-08 04:59:05,Poland,1
663,2014-03-29 13:43:09,Singapore,2
664,2014-03-22 12:38:10,Vietnam,0
665,2014-02-27 06:04:44,Ukraine,2
666,2014-02-28 00:33:49,Brazil,0
667,2014-02-28 12:53:20,Sweden,2
668,2014-03-30 03:25:46,Ireland,1
669,2014-03-13 21:34:57,Czech Republic,1
670,2014-03-21 20:07:00,United States,2
671,2014-02-28 20:48:07,United States,0
672,2014-03-07 19:15:06,Russia,1
673,2014-03-18 05:12:26,Russia,2
674,2014-03-14 18:26:39,China,2
675,2014-03-13 10:58:39,Portugal,2
676,2014-03-02 22:10:36,Jordan,1
677,2014-03-02 19:52:50,Mexico,1
678,2014-03-26 13:26:01,Canada,0
679,2014-03-08 21:04:22,Argentina,2
680,2014-02-26 01:10:16,France,1
681,2014-03-19 13:31:39,Japan,0
682,2014-03-01 19:40:39,Poland,2
683,2014-03-06 16:08:25,Singapore,2
684,2014-03-25 20:15:45,Vietnam,1
685,2014-02-26 23:40:05,Ukraine,0
686,2014-03-11 02:00:47,Brazil,0
687,2014-03-05 17:04:31,Sweden,1
688,2014-03-02 19:39:48,Ireland,0
689,2014-03-12 01:03:33,Czech Republic,2
690,2014-03-27 21:19:21,United States,1
691,2014-03-01 17:46:00,United States,1
692,2014-03-08 10:31:12,Russia,1
693,2014-03-03 13:36:10,Russia,1
694,2014-02-25 10:48:29,China,0
695,2014-03-09 07:55:16,Portugal,2
696,2014-03-11 10:42:16,Jordan,1
697,2014-03-06 01:06:23,Mexico,2
698,2014-03-01 05:15:03,Canada,1
699,2014-03-22 21:40:56,Argentina,2
700,2014-03-28 12:24:21,France,1
701,2014-03-29 20:52:22,Japan,2
702,2014-03-27 09:55:17,Poland,0
703,2014-03-05 20:46:01,Singapore,0
704,2014-03-27 14:16:13,Vietnam,2
705,2014-03-22 17:36:33,Ukraine,2
706,2014-03-19 16:46:30,Brazil,0
707,2014-03-07 00:19:52,Sweden,0
708,2014-02-24 17:01:21,Ireland,2
709,2014-02-24 02:31:58,Czech Republic,2
710,2014-03-28 06:20:44,United States,0
711,2014-03-26 18:20:09,United States,0
712,2014-03-28 00:33:53,Russia,0
713,2014-03-25 21:59:02,Russia,0
714,2014-03-19 15:01:37,China,1
715,2014-03-10 08:10:51,Portugal,0
716,2014-02-26 19:55:36,Jordan,0
717,2014-02-28 08:58:37,Mexico,2
718,2014-03-07 06:09:25,Canada,0
719,2014-03-25 21:29:48,Argentina,1
720,2014-03-16 17:24:57,France,1
721,2014-03-13 09:06:20,Japan,2
722,2014-03-26 11:22:24,Poland,0
723,2014-02-28 07:08:04,Singapore,2
724,2014-03-04 06:11:34,Vietnam,2
725,2014-03-16 10:45:30,Ukraine,1
726,2014-02-24 07:17:49,Brazil,2
727,2014-03-09 20:43:06,Sweden,2
728,2014-03-28 22:42:00,Ireland,2
729,2014-02-28 18:09:08,Czech Republic,1
730,2014-03-01 08:06:15,United States,1
731,2014-03-16 23:32:35,United States,1
732,2014-03-04 07:42:24,Russia,1
733,2014-03-06 07:13:37,Russia,1
734,2014-03-29 15:48:31,China,0
735,2014-03-10 03:24:04,Portugal,0
736,2014-02-27 14:53:27,Jordan,1
737,2014-02-26 00:56:36,Mexico,0
738,2014-03-11 22:44:25,Canada,1
739,2014-03-16 14:25:37,Argentina,1
740,2014-03-09 23:54:22,France,2
741,2014-03-27 05:48:29,Japan,1
742,2014-03-05 15:22:01,Poland,2
743,2014-03-12 02:16:29,Singapore,1
744,2014-03-25 00:03:15,Vietnam,1
745,2014-03-11 04:09:51,Ukraine,2
746,2014-03-06 14:02:55,Brazil,0
747,2014-03-27 12:58:48,Sweden,1
748,2014-03-02 15:05:06,Ireland,1
749,2014-03-30 18:25:57,Czech Republic,0
750,2014-03-23 19:12:12,United States,2
751,2014-03-01 08:56:31,United States,2
752,2014-03-23 09:48:00,Russia,2
753,2014-03-11 22:05:01,Russia,0
754,2014-03-23 20:42:17,China,2
755,2014-03-01 16:49:18,Portugal,1
756,2014-03-09 15:14:24,Jordan,0
757,2014-03-27 00:44:22,Mexico,0
758,2014-03-01 21:31:11,Canada,1
759,2014-03-03 07:38:05,Argentina,1
760,2014-03-01 10:48:16,France,2
761,2014-03-07 20:35:30,Japan,2
762,2014-03-17 23:40:08,Poland,0
763,2014-03-24 16:10:46,Singapore,0
764,2014-03-18 22:55:45,Vietnam,0
765,2014-03-28 17:03:54,Ukraine,1
766,2014-03-23 21:07:11,Brazil,2
767,2014-03-25 13:30:45,Sweden,0
768,2014-03-30 15:36:50,Ireland,1
769,2014-03-29 11:28:49,Czech Republic,1
770,2014-03-02 11:38:38,United States,2
771,2014-03-02 09:47:17,United States,1
772,2014-03-01 04:16:21,Russia,2
773,2014-02-26 19:59:19,Russia,1
774,2014-03-11 10:22:45,China,2
775,2014-03-22 15:41:33,Portugal,1
776,2014-02-24 23:40:25,Jordan,2
777,2014-03-15 10:38:22,Mexico,0
778,2014-03-22 10:47:21,Canada,1
779,2014-03-13 23:23:02,Argentina,2
780,2014-03-12 05:16:23,France,2
781,2014-03-10 04:17:23,Japan,1
782,2014-02-28 01:12:49,Poland,2
783,2014-03-17 23:17:52,Singapore,2
784,2014-03-12 03:14:31,Vietnam,2
785,2014-03-05 06:13:16,Ukraine,1
786,2014-03-29 13:46:23,Brazil,0
787,2014-03-30 14:02:03,Sweden,2
788,2014-03-15 23:39:39,Ireland,0
789,2014-03-21 10:31:14,Czech Republic,1
790,2014-02-25 07:07:35,United States,1
791,2014-03-21 21:33:20,United States,2
792,2014-03-16 15:57:55,Russia,1
793,2014-03-24 02:28:15,Russia,2
794,2014-03-03 12:16:28,China,0
795,2014-03-02 11:20:25,Portugal,2
796,2014-03-14 00:44:44,Jordan,1
797,2014-03-26 05:31:03,Mexico,0
798,2014-03-01 17:41:21,Canada,2
799,2014-03-07 07:30:04,Argentina,2
800,2014-03-06 05:57:25,France,1
801,2014-03-29 20:34:25,Japan,2
802,2014-03-09 07:01:03,Poland,0
803,2014-02-26 23:05:10,Singapore,2
804,2014-02-26 09:42:40,Vietnam,0
805,2014-03-19 02:27:52,Ukraine,0
806,2014-02-24 12:24:42,Brazil,1
807,2014-03-16 11:50:47,Sweden,1
808,2014-03-15 00:02:07,Ireland,0
809,2014-03-02 03:57:13,Czech Republic,2
810,2014-03-22 01:38:49,United States,2
811,2014-02-24 16:13:26,United States,0
812,2014-03-08 09:32:01,Russia,0
813,2014-03-29 15:01:25,Russia,0
814,2014-03-29 07:59:58,China,1
815,2014-03-02 09:36:30,Portugal,2
816,2014-03-09 09:38:38,Jordan,2
817,2014-03-22 09:35:24,Mexico,0
818,2014-03-16 08:00:15,Canada,0
819,2014-03-28 05:14:14,Argentina,2
820,2014-03-01 16:19:41,France,0
821,2014-03-27 22:57:56,Japan,0
822,2014-03-28 19:08:22,Poland,1
823,2014-03-25 00:01:54,Singapore,1
824,2014-03-23 00:49:25,Vietnam,2
825,2014-03-23 01:31:01,Ukraine,2
826,2014-03-11 09:15:21,Brazil,0
827,2014-03-27 17:49:03,Sweden,1
828,2014-02-28 02:31:54,Ireland,1
829,2014-03-07 18:21:04,Czech Republic,1
830,2014-03-10 02:59:26,United States,0
831,2014-03-08 21:32:11,United States,0
832,2014-03-21 22:39:24,Russia,0
833,2014-03-23 12:51:15,Russia,2
834,2014-03-02 18:00:48,China,2
835,2014-03-27 01:18:47,Portugal,1
836,2014-03-11 07:46:27,Jordan,0
837,2014-03-10 08:32:54,Mexico,2
838,2014-03-10 14:45:50,Canada,1
839,2014-03-03 17:44:17,Argentina,2
840,2014-03-21 16:07:18,France,0
841,2014-03-28 12:45:29,Japan,2
842,2014-02-25 17:32:03,Poland,1
843,2014-03-15 20:45:04,Singapore,2
844,2014-03-26 00:49:53,Vietnam,1
845,2014-03-10 08:36:22,Ukraine,0
846,2014-03-16 22:52:12,Brazil,1
847,2014-03-19 21:35:43,Sweden,0
848,2014-03-07 06:48:37,Ireland,0
849,2014-03-16 19:07:15,Czech Republic,1
850,2014-02-27 16:42:33,United States,0
851,2014-03-12 14:50:46,United States,2
852,2014-02-25 22:03:39,Russia,0
853,2014-03-11 21:19:39,Russia,1
854,2014-03-15 19:37:16,China,2
855,2014-03-15 23:13:05,Portugal,1
856,2014-03-01 01:05:35,Jordan,0
857,2014-03-13 08:11:04,Mexico,0
858,2014-03-09 06:23:55,Canada,1
859,2014-03-04 05:27:19,Argentina,2
860,2014-02-25 14:58:24,France,1
861,2014-02-24 21:44:37,Japan,0
862,2014-03-16 21:26:22,Poland,2
863,2014-03-12 09:37:15,Singapore,1
864,2014-02-28 03:56:40,Vietnam,2
865,2014-03-01 09:05:16,Ukraine,2
866,2014-03-22 20:11:53,Brazil,2
867,2014-03-29 17:09:27,Sweden,0
868,2014-03-26 23:08:12,Ireland,2
869,2014-03-16 22:27:48,Czech Republic,1
870,2014-03-30 15:04:23,United States,1
871,2014-03-06 15:28:11,United States,1
872,2014-03-21 19:36:21,Russia,1
873,2014-03-22 23:13:16,Russia,1
874,2014-03-08 01:16:33,China,2
875,2014-03-06 22:02:57,Portugal,0
876,2014-03-13 20:47:21,Jordan,1
877,2014-03-22 13:19:17,Mexico,0
878,2014-03-04 07:23:16,Canada,0
879,2014-02-28 20:06:52,Argentina,2
880,2014-02-24 22:07:49,France,1
881,2014-03-30 17:49:33,Japan,1
882,2014-03-26 05:02:16,Poland,1
883,2014-03-08 04:34:13,Singapore,1
884,2014-03-12 00:42:02,Vietnam,0
885,2014-02-28 22:14:54,Ukraine,1
886,2014-02-25 22:43:38,Brazil,1
887,2014-03-30 10:39:44,Sweden,0
888,2014-03-28 11:54:56,Ireland,1
889,2014-03-02 22:49:14,Czech Republic,0
890,2014-03-03 11:04:06,United States,0
891,2014-03-21 14:10:06,United States,1
892,2014-03-15 22:34:11,Russia,2
893,2014-03-19 11:11:16,Russia,1
894,2014-03-20 06:43:37,China,0
895,2014-03-21 22:46:30,Portugal,0
896,2014-02-28 22:03:54,Jordan,0
897,2014-03-20 16:37:20,Mexico,2
898,2014-03-18 17:08:22,Canada,2
899,2014-03-29 15:45:06,Argentina,2
900,2014-03-01 17:09:55,France,1
901,2014-02-26 02:19:46,Japan,2
902,2014-03-19 11:35:27,Poland,1
903,2014-03-25 01:45:56,Singapore,1
904,2014-03-27 02:36:56,Vietnam,2
905,2014-03-27 14:28:24,Ukraine,2
906,2014-03-15 06:53:29,Brazil,2
907,2014-03-30 07:45:07,Sweden,0
908,2014-03-05 19:28:28,Ireland,1
909,2014-03-20 04:26:45,Czech Republic,0
910,2014-03-18 02:34:38,United States,1
911,2014-03-03 12:03:53,United States,0
912,2014-03-12 20:44:28,Russia,1
913,2014-03-07 09:11:23,Russia,1
914,2014-03-09 02:32:07,China,0
915,2014-03-05 09:25:07,Portugal,1
916,2014-03-26 14:04:59,Jordan,2
917,2014-03-13 01:36:01,Mexico,1
918,2014-03-27 08:23:21,Canada,2
919,2014-03-16 21:42:42,Argentina,2
920,2014-03-25 07:39:01,France,1
921,2014-02-26 10:14:53,Japan,0
922,2014-03-13 14:17:14,Poland,1
923,2014-03-10 15:49:22,Singapore,2
924,2014-03-12 06:02:16,Vietnam,0
925,2014-02-26 22:11:31,Ukraine,2
926,2014-03-24 00:17:31,Brazil,0
927,2014-03-02 21:06:14,Sweden,0
928,2014-03-01 04:49:36,Ireland,2
929,2014-03-06 03:19:19,Czech Republic,2
930,2014-03-12 09:12:17,United States,1
931,2014-03-23 12:12:21,United States,0
932,2014-03-19 04:52:16,Russia,2
933,2014-03-22 23:00:57,Russia,2
934,2014-03-08 06:08:12,China,0
935,2014-03-02 04:56:03,Portugal,0
936,2014-03-14 05:52:20,Jordan,2
937,2014-02-27 00:19:34,Mexico,1
938,2014-03-11 09:30:49,Canada,0
939,2014-02-27 18:03:51,Argentina,1
940,2014-03-14 23:39:59,France,0
941,2014-03-26 07:42:07,Japan,0
942,2014-02-25 00:55:15,Poland,1
943,2014-03-02 14:32:42,Singapore,2
944,2014-03-27 22:14:36,Vietnam,2
945,2014-03-28 18:17:57,Ukraine,1
946,2014-03-25 13:01:46,Brazil,1
947,2014-03-29 22:19:39,Sweden,0
948,2014-03-30 20:20:01,Ireland,2
949,2014-03-20 06:54:52,Czech Republic,0
950,2014-03-14 03:12:50,United States,0
951,2014-03-05 11:03:31,United States,0
952,2014-03-20 23:43:12,Russia,1
953,2014-03-15 19:47:33,Russia,2
954,2014-03-03 22:12:21,China,1
955,2014-03-10 14:46:45,Portugal,0
956,2014-03-21 01:26:46,Jordan,1
957,2014-03-09 23:33:02,Mexico,2
958,2014-03-08 10:07:19,Canada,0
959,2014-03-07 19:51:38,Argentina,1
960,2014-03-03 04:34:08,France,2
961,2014-03-01 19:00:10,Japan,0
962,2014-02-28 11:02:47,Poland,2
963,2014-02-28 03:59:25,Singapore,1
964,2014-03-10 05:00:19,Vietnam,1
965,2014-03-27 13:29:59,Ukraine,1
966,2014-03-24 06:01:22,Brazil,0
967,2014-03-12 00:52:03,Sweden,2
968,2014-03-19 01:10:28,Ireland,2
969,2014-03-29 09:08:34,Czech Republic,1
970,2014-03-21 18:04:18,United States,1
971,2014-03-06 03:24:48,United States,2
972,2014-02-28 17:00:20,Russia,1
973,2014-03-30 07:56:13,Russia,0
974,2014-03-16 09:23:46,China,2
975,2014-03-26 13:31:13,Portugal,2
976,2014-03-15 05:56:45,Jordan,1
977,2014-03-27 20:59:53,Mexico,0
978,2014-03-17 01:18:51,Canada,2
979,2014-03-06 14:01:36,Argentina,1
980,2014-03-25 00:42:55,France,2
981,2014-03-19 00:53:47,Japan,0
982,2014-03-25 20:47:30,Poland,0
983,2014-03-27 00:04:49,Singapore,1
984,2014-03-29 13:46:45,Vietnam,2
985,2014-03-18 21:43:01,Ukraine,2
986,2014-03-29 15:32:41,Brazil,1
987,2014-03-08 21:14:22,Sweden,2
988,2014-02-28 13:34:04,Ireland,1
989,2014-03-26 21:26:57,Czech Republic,0
990,2014-03-15 02:31:52,United States,1
991,2014-03-11 02:57:07,United States,0
992,2014-03-05 13:16:01,Russia,0
993,2014-03-29 01:07:05,Russia,0
994,2014-03-18 10:07:32,China,0
995,2014-03-29 01:37:06,Portugal,0
996,2014-03-05 04:34:41,Jordan,2
997,2014-03-25 01:36:25,Mexico,2
998,2014-03-02 16:59:19,Canada,0
999,2014-03-16 12:32:34,Argentina,1
1000,2014-03-17 23:10:00,France,2
1001,2014-03-01 20:59:24,Japan,2
1002,2014-02-27 13:51:00,Poland,1
1003,2014-02-26 07:32:47,Singapore,1
1004,2014-02-25 17:57:20,Vietnam,1
1005,2014-03-09 08:39:22,Ukraine,0
1006,2014-03-04 05:43:13,Brazil,0
1007,2014-03-20 12:54:41,Sweden,2
1008,2014-02-24 18:14:08,Ireland,0
1009,2014-03-19 09:22:49,Czech Republic,0
1010,2014-03-12 22:43:35,United States,0
1011,2014-03-04 12:28:12,United States,1
1012,2014-03-26 18:39:12,Russia,1
1013,2014-03-11 06:52:29,Russia,2
1014,2014-03-10 04:59:13,China,1
1015,2014-03-15 09:22:25,Portugal,2
1016,2014-03-17 14:49:16,Jordan,2
1017,2014-03-26 08:49:39,Mexico,2
1018,2014-03-30 14:52:54,Canada,2
1019,2014-03-10 12:07:59,Argentina,2
1020,2014-03-07 07:05:49,France,2
1021,2014-03-28 01:02:00,Japan,0
1022,2014-03-23 14:25:18,Poland,1
1023,2014-03-02 20:11:27,Singapore,2
1024,2014-03-13 14:03:03,Vietnam,1
1025,2014-02-25 09:16:28,Ukraine,1
1026,2014-03-07 19:43:23,Brazil,2
1027,2014-03-12 20:22:30,Sweden,0
1028,2014-03-04 03:33:56,Ireland,0
1029,2014-03-02 05:38:03,Czech Republic,2
1030,2014-03-22 10:38:05,United States,2
1031,2014-02-26 06:12:39,United States,1
1032,2014-03-17 05:59:47,Russia,2
1033,2014-03-15 14:50:02,Russia,0
1034,2014-03-16 20:50:00,China,2
1035,2014-03-20 05:02:50,Portugal,2
1036,2014-03-20 12:22:46,Jordan,0
1037,2014-03-05 13:30:55,Mexico,1
1038,2014-02-27 16:11:36,Canada,1
1039,2014-03-11 16:36:38,Argentina,1
1040,2014-03-10 23:49:09,France,1
1041,2014-03-15 10:45:07,Japan,1
1042,2014-02-24 01:25:16,Poland,0
1043,2014-03-05 01:36:46,Singapore,1
1044,2014-03-08 08:54:22,Vietnam,2
1045,2014-03-16 04:50:02,Ukraine,1
1046,2014-02-28 03:58:38,Brazil,0
1047,2014-03-21 19:14:14,Sweden,2
1048,2014-03-24 19:51:05,Ireland,2
1049,2014-03-06 01:36:51,Czech Republic,0
1050,2014-02-26 05:49:12,United States,2
1051,2014-03-29 11:32:15,United States,2
1052,2014-03-14 08:22:23,Russia,2
1053,2014-03-12 01:40:03,Russia,2
1054,2014-03-19 18:10:16,China,2
1055,2014-03-04 09:56:41,Portugal,2
1056,2014-03-04 21:06:58,Jordan,1
1057,2014-03-15 20:52:03,Mexico,0
1058,2014-03-15 12:50:12,Canada,0
1059,2014-03-05 15:38:43,Argentina,1
1060,2014-03-12 00:50:40,France,1
1061,2014-03-23 13:52:02,Japan,2
1062,2014-03-13 07:44:37,Poland,2
1063,2014-03-21 05:23:42,Singapore,1
1064,2014-03-18 20:49:51,Vietnam,1
1065,2014-03-11 02:44:56,Ukraine,2
1066,2014-03-15 11:47:41,Brazil,2
1067,2014-03-04 18:48:15,Sweden,0
1068,2014-02-28 05:36:12,Ireland,2
1069,2014-03-17 05:46:34,Czech Republic,0
1070,2014-03-24 03:45:15,United States,1
1071,2014-03-07 05:10:24,United States,1
1072,2014-03-27 22:00:37,Russia,1
1073,2014-03-08 09:09:03,Russia,0
1074,2014-03-12 21:00:42,China,2
1075,2014-03-13 16:45:31,Portugal,1
1076,2014-03-11 07:12:46,Jordan,2
1077,2014-03-08 15:29:08,Mexico,2
1078,2014-03-25 18:53:37,Canada,1
1079,2014-03-19 00:57:14,Argentina,1
1080,2014-03-09 17:54:35,France,1
1081,2014-03-07 14:00:29,Japan,0
1082,2014-03-03 16:54:13,Poland,0
1083,2014-03-22 07:32:50,Singapore,2
1084,2014-03-29 09:45:19,Vietnam,2
1085,2014-03-14 19:16:16,Ukraine,1
1086,2014-03-12 01:43:20,Brazil,0
1087,2014-03-18 22:37:16,Sweden,2
1088,2014-03-17 01:02:02,Ireland,2
1089,2014-02-24 20:57:34,Czech Republic,0
1090,2014-03-06 23:46:10,United States,2
1091,2014-03-28 00:00:56,United States,1
1092,2014-03-28 11:52:11,Russia,0
1093,2014-03-27 18:17:51,Russia,1
1094,2014-03-28 07:45:11,China,2
1095,2014-03-07 10:23:43,Portugal,2
1096,2014-03-02 12:12:36,Jordan,1
1097,2014-03-08 18:10:09,Mexico,2
1098,2014-03-16 21:09:36,Canada,0
1099,2014-03-01 03:30:06,Argentina,2
1100,2014-03-28 04:27:23,France,0
1101,2014-03-15 14:10:06,Japan,0
1102,2014-02-26 03:50:09,Poland,1
1103,2014-03-01 11:30:11,Singapore,0
1104,2014-03-21 02:16:47,Vietnam,2
1105,2014-03-11 13:24:01,Ukraine,2
1106,2014-03-02 19:43:14,Brazil,0
1107,2014-02-24 15:58:44,Sweden,1
1108,2014-03-10 15:37:46,Ireland,2
1109,2014-03-15 07:42:04,Czech Republic,2
1110,2014-03-14 02:23:44,United States,1
1111,2014-03-05 09:30:43,United States,0
1112,2014-03-02 17:44:49,Russia,1
1113,2014-03-06 15:24:07,Russia,2
1114,2014-03-03 08:45:16,China,2
1115,2014-03-06 19:00:00,Portugal,0
1116,2014-03-21 19:21:51,Jordan,1
1117,2014-02-28 20:15:30,Mexico,2
1118,2014-03-28 04:48:39,Canada,1
1119,2014-03-27 05:39:07,Argentina,1
1120,2014-02-28 15:48:20,France,2
1121,2014-03-29 17:41:22,Japan,2
1122,2014-03-10 17:46:34,Poland,0
1123,2014-03-28 06:00:17,Singapore,1
1124,2014-02-28 21:11:07,Vietnam,1
1125,2014-03-12 16:47:44,Ukraine,1
1126,2014-02-26 12:25:54,Brazil,0
1127,2014-03-14 12:27:47,Sweden,2
1128,2014-03-17 19:14:14,Ireland,2
1129,2014-03-28 14:37:05,Czech Republic,1
1130,2014-03-15 10:14:37,United States,2
1131,2014-03-03 03:49:52,United States,1
1132,2014-03-05 16:11:35,Russia,2
1133,2014-03-04 19:13:07,Russia,2
1134,2014-03-07 21:54:45,China,0
1135,2014-03-09 15:00:17,Portugal,0
1136,2014-03-01 22:05:46,Jordan,1
1137,2014-03-13 15:11:06,Mexico,2
1138,2014-02-27 13:55:35,Canada,2
1139,2014-03-11 11:50:00,Argentina,2
1140,2014-03-27 23:10:45,France,2
1141,2014-03-10 20:18:12,Japan,1
1142,2014-03-25 23:08:01,Poland,1
1143,2014-03-15 02:45:20,Singapore,2
1144,2014-03-08 13:42:16,Vietnam,1
1145,2014-03-01 12:19:32,Ukraine,2
1146,2014-03-01 19:47:36,Brazil,0
1147,2014-03-25 08:45:37,Sweden,0
1148,2014-03-11 06:00:32,Ireland,1
1149,2014-03-21 00:58:37,Czech Republic,1
1150,2014-03-08 03:48:22,United States,0
1151,2014-02-27 02:08:02,United States,0
1152,2014-03-04 13:22:04,Russia,0
1153,2014-03-18 07:50:05,Russia,2
1154,2014-02-28 15:06:28,China,0
1155,2014-03-03 21:55:10,Portugal,1
1156,2014-03-12 06:30:18,Jordan,1
1157,2014-03-25 02:35:07,Mexico,2
1158,2014-03-28 15:23:02,Canada,0
1159,2014-03-07 02:44:21,Argentina,2
1160,2014-03-15 17:54:52,France,2
1161,2014-03-26 12:43:51,Japan,1
1162,2014-03-22 17:13:15,Poland,0
1163,2014-03-20 17:21:11,Singapore,0
1164,2014-03-17 05:01:02,Vietnam,1
1165,2014-03-11 07:45:48,Ukraine,0
1166,2014-03-16 10:04:17,Brazil,0
1167,2014-03-15 09:31:51,Sweden,0
1168,2014-03-12 02:06:46,Ireland,0
1169,2014-02-26 09:27:45,Czech Republic,2
1170,2014-03-04 09:24:39,United States,2
1171,2014-03-03 07:12:54,United States,0
1172,2014-02-27 22:22:55,Russia,1
1173,2014-03-05 16:25:31,Russia,0
1174,2014-03-10 10:33:02,China,2
1175,2014-03-25 18:57:53,Portugal,1
1176,2014-03-12 00:52:08,Jordan,0
1177,2014-03-03 15:56:35,Mexico,0
1178,2014-03-16 12:24:31,Canada,0
1179,2014-03-29 06:39:22,Argentina,1
1180,2014-03-18 21:05:34,France,0
1181,2014-03-06 02:44:17,Japan,1
1182,2014-03-03 01:54:10,Poland,0
1183,2014-03-20 09:01:39,Singapore,0
1184,2014-03-30 13:12:50,Vietnam,0
1185,2014-03-12 21:11:38,Ukraine,2
1186,2014-03-02 16:46:58,Brazil,1
1187,2014-03-02 00:42:51,Sweden,0
1188,2014-03-30 03:36:38,Ireland,2
1189,2014-02-24 17:53:13,Czech Republic,1
1190,2014-02-24 09:55:26,United States,2
1191,2014-03-09 07:41:36,United States,2
1192,2014-03-07 20:19:05,Russia,2
1193,2014-03-11 01:09:24,Russia,1
1194,2014-03-27 04:10:22,China,0
1195,2014-03-23 17:49:54,Portugal,2
1196,2014-03-19 22:42:18,Jordan,2
1197,2014-03-10 03:08:55,Mexico,0
1198,2014-03-24 09:52:26,Canada,0
1199,2014-03-26 22:24:57,Argentina,2
1200,2014-03-11 22:31:52,France,2
1201,2014-03-19 17:35:02,Japan,0
1202,2014-03-14 14:08:34,Poland,2
1203,2014-03-24 10:56:54,Singapore,0
1204,2014-03-01 03:45:07,Vietnam,2
1205,2014-03-26 19:24:34,Ukraine,2
1206,2014-03-05 22:42:14,Brazil,1
1207,2014-03-19 08:55:56,Sweden,2
1208,2014-03-26 19:10:06,Ireland,2
1209,2014-03-21 18:32:01,Czech Republic,0
1210,2014-02-27 22:39:41,United States,0
1211,2014-03-24 07:31:01,United States,0
1212,2014-03-25 22:57:28,Russia,1
1213,2014-03-04 22:04:02,Russia,0
1214,2014-03-30 21:00:23,China,2
1215,2014-03-29 04:14:10,Portugal,1
1216,2014-03-24 04:45:24,Jordan,2
1217,2014-03-16 08:43:39,Mexico,0
1218,2014-02-26 08:21:06,Canada,1
1219,2014-03-30 11:31:48,Argentina,1
1220,2014-03-04 00:57:22,France,1
1221,2014-03-17 05:24:31,Japan,1
1222,2014-03-07 15:44:32,Poland,0
1223,2014-03-18 01:05:56,Singapore,2
1224,2014-03-10 16:13:44,Vietnam,0
1225,2014-03-06 15:20:36,Ukraine,1
1226,2014-03-07 03:54:45,Brazil,1
1227,2014-03-01 05:16:20,Sweden,2
1228,2014-02-27 13:14:59,Ireland,2
1229,2014-03-04 16:25:49,Czech Republic,0
1230,2014-03-14 02:47:39,United States,1
1231,2014-03-04 13:26:32,United States,1
1232,2014-03-20 10:32:49,Russia,2
1233,2014-03-14 20:49:42,Russia,1
1234,2014-03-07 01:40:37,China,0
1235,2014-02-28 10:18:32,Portugal,2
1236,2014-03-23 10:25:10,Jordan,2
1237,2014-03-10 13:09:35,Mexico,2
1238,2014-03-11 11:28:45,Canada,1
1239,2014-03-25 15:51:26,Argentina,1
1240,2014-03-21 10:46:10,France,2
1241,2014-03-25 07:53:48,Japan,1
1242,2014-03-03 04:57:44,Poland,2
1243,2014-03-10 23:16:56,Singapore,0
1244,2014-03-17 01:33:04,Vietnam,1
1245,2014-03-06 23:29:02,Ukraine,2
1246,2014-03-08 05:26:54,Brazil,1
1247,2014-03-06 05:46:39,Sweden,1
1248,2014-03-21 08:19:25,Ireland,0
1249,2014-03-06 13:46:51,Czech Republic,0
1250,2014-03-03 04:32:09,United States,1
1251,2014-03-26 19:14:51,United States,1
1252,2014-03-06 20:06:42,Russia,2
1253,2014-03-25 16:35:20,Russia,2
1254,2014-03-01 08:26:34,China,2
1255,2014-03-16 06:52:30,Portugal,0
1256,2014-03-18 16:14:37,Jordan,2
1257,2014-03-11 17:03:41,Mexico,2
1258,2014-03-19 09:08:59,Canada,2
1259,2014-03-22 19:24:44,Argentina,1
1260,2014-03-09 10:13:48,France,2
1261,2014-03-06 15:07:40,Japan,0
1262,2014-03-09 01:45:04,Poland,2
1263,2014-02-26 12:42:29,Singapore,1
1264,2014-03-02 08:49:07,Vietnam,1
1265,2014-02-26 03:16:35,Ukraine,0
1266,2014-03-07 13:46:05,Brazil,2
1267,2014-03-08 15:10:21,Sweden,0
1268,2014-03-09 13:47:21,Ireland,2
1269,2014-03-25 18:21:27,Czech Republic,1
1270,2014-02-28 13:37:00,United States,2
1271,2014-03-06 18:59:56,United States,2
1272,2014-03-28 15:18:36,Russia,0
1273,2014-03-04 15:54:10,Russia,1
1274,2014-03-16 00:38:06,China,0
1275,2014-02-24 10:36:26,Portugal,2
1276,2014-03-28 21:39:12,Jordan,2
1277,2014-03-04 22:06:45,Mexico,1
1278,2014-03-29 17:54:51,Canada,2
1279,2014-03-20 00:21:15,Argentina,0
1280,2014-03-07 18:40:44,France,2
1281,2014-03-08 02:21:44,Japan,1
1282,2014-03-12 23:36:46,Poland,1
1283,2014-03-27 06:54:13,Singapore,1
1284,2014-03-16 14:56:31,Vietnam,0
1285,2014-02-26 12:39:43,Ukraine,1
1286,2014-03-27 04:03:02,Brazil,2
1287,2014-03-27 03:45:46,Sweden,0
1288,2014-03-05 13:35:15,Ireland,0
1289,2014-03-25 10:41:06,Czech Republic,1
1290,2014-03-27 19:07:32,United States,0
1291,2014-03-14 05:16:59,United States,2
1292,2014-03-06 16:44:08,Russia,0
1293,2014-02-28 07:44:27,Russia,2
1294,2014-03-19 21:36:27,China,0
1295,2014-03-05 00:23:39,Portugal,0
1296,2014-03-16 13:53:44,Jordan,1
1297,2014-02-27 03:09:26,Mexico,0
1298,2014-02-24 19:30:05,Canada,0
1299,2014-03-11 00:13:22,Argentina,2
1300,2014-03-13 10:49:13,France,1
1301,2014-03-30 10:40:16,Japan,0
1302,2014-03-28 12:31:26,Poland,0
1303,2014-03-28 22:26:17,Singapore,0
1304,2014-03-03 21:09:56,Vietnam,0
1305,2014-03-07 20:26:18,Ukraine,2
1306,2014-03-10 09:10:45,Brazil,0
1307,2014-03-28 22:32:30,Sweden,2
1308,2014-02-26 01:25:13,Ireland,2
1309,2014-03-23 05:30:53,Czech Republic,1
1310,2014-03-12 13:58:36,United States,0
1311,2014-03-27 19:38:58,United States,2
1312,2014-03-28 19:45:29,Russia,1
1313,2014-03-09 11:41:45,Russia,0
1314,2014-03-07 14:16:22,China,1
1315,2014-03-05 01:42:13,Portugal,0
1316,2014-03-23 11:46:22,Jordan,2
1317,2014-03-29 03:17:43,Mexico,0
1318,2014-02-25 03:01:36,Canada,2
1319,2014-03-25 01:40:53,Argentina,2
1320,2014-03-17 05:05:36,France,2
1321,2014-03-06 04:46:29,Japan,1
1322,2014-03-28 07:55:08,Poland,1
1323,2014-03-07 05:26:59,Singapore,0
1324,2014-03-24 18:19:21,Vietnam,1
1325,2014-03-22 22:23:17,Ukraine,0
1326,2014-03-18 10:07:38,Brazil,2
1327,2014-03-23 14:10:15,Sweden,2
1328,2014-03-18 10:55:12,Ireland,1
1329,2014-02-28 21:30:46,Czech Republic,2
1330,2014-03-18 08:33:45,United States,1
1331,2014-02-27 06:18:46,United States,1
1332,2014-03-07 04:26:08,Russia,2
1333,2014-03-26 02:26:50,Russia,1
1334,2014-03-02 17:18:38,China,0
1335,2014-03-12 14:10:55,Portugal,2
1336,2014-03-25 00:02:11,Jordan,2
1337,2014-03-11 22:39:18,Mexico,2
1338,2014-03-07 14:46:45,Canada,2
1339,2014-03-25 22:37:30,Argentina,1
1340,2014-03-08 04:31:22,France,0
1341,2014-03-06 05:15:23,Japan,2
1342,2014-03-30 00:54:34,Poland,0
1343,2014-03-28 12:53:25,Singapore,1
1344,2014-03-09 12:17:48,Vietnam,2
1345,2014-03-18 09:09:28,Ukraine,2
1346,2014-02-26 09:54:17,Brazil,1
1347,2014-03-02 22:58:03,Sweden,1
1348,2014-03-26 23:38:27,Ireland,2
1349,2014-03-19 17:41:11,Czech Republic,1
1350,2014-03-12 04:28:57,United States,2
1351,2014-03-04 21:28:42,United States,2
1352,2014-03-24 23:51:22,Russia,1
1353,2014-03-03 01:37:29,Russia,2
1354,2014-03-23 22:02:46,China,1
1355,2014-03-05 14:01:03,Portugal,1
1356,2014-03-27 01:20:54,Jordan,2
1357,2014-02-26 10:43:31,Mexico,2
1358,2014-02-28 05:10:24,Canada,0
1359,2014-03-15 19:09:14,Argentina,0
1360,2014-03-29 14:59:41,France,2
1361,2014-03-03 17:05:37,Japan,0
1362,2014-03-02 23:43:44,Poland,0
1363,2014-03-10 06:32:55,Singapore,2
1364,2014-02-25 06:04:40,Vietnam,0
1365,2014-03-28 14:36:55,Ukraine,1
1366,2014-03-07 19:10:06,Brazil,1
1367,2014-03-27 07:19:01,Sweden,0
1368,2014-03-14 04:18:23,Ireland,1
1369,2014-03-09 09:37:05,Czech Republic,1
1370,2014-02-25 11:51:58,United States,2
1371,2014-03-08 05:37:59,United States,2
1372,2014-03-15 21:04:52,Russia,2
1373,2014-03-15 01:12:32,Russia,1
1374,2014-03-25 15:07:52,China,2
1375,2014-03-30 09:51:41,Portugal,1
1376,2014-03-13 20:52:48,Jordan,2
1377,2014-03-22 07:28:50,Mexico,1
1378,2014-03-19 11:48:58,Canada,0
1379,2014-02-24 06:31:00,Argentina,2
1380,2014-03-25 05:30:32,France,1
1381,2014-03-01 17:00:23,Japan,1
1382,2014-03-10 05:21:57,Poland,2
1383,2014-03-01 00:42:38,Singapore,1
1384,2014-03-07 18:05:22,Vietnam,0
1385,2014-03-11 07:40:58,Ukraine,2
1386,2014-03-03 13:14:01,Brazil,0
1387,2014-03-29 23:06:26,Sweden,0
1388,2014-03-03 14:33:10,Ireland,1
1389,2014-03-24 05:13:03,Czech Republic,1
1390,2014-03-11 11:19:06,United States,0
1391,2014-03-04 12:23:25,United States,0
1392,2014-03-12 21:41:47,Russia,1
1393,2014-03-22 15:12:11,Russia,1
1394,2014-03-15 08:33:50,China,1
1395,2014-03-07 20:43:37,Portugal,1
1396,2014-03-07 12:42:40,Jordan,0
1397,2014-03-30 18:45:09,Mexico,0
1398,2014-03-18 07:02:52,Canada,0
1399,2014-02-28 07:18:40,Argentina,2
